difficulty	qid	sid	text	type	dep	par	answer
Easy	blogs-03-1	blogs-03	What was Louisiana adversely affected by?	Story	"1	What	what	_	WP	_	5	dobj	_	_
2	was	be	_	VBD	_	1	cop	_	_
3	Louisiana	Louisiana	_	NNP	_	5	nsubj	_	_
4	adversely	adversely	_	RB	_	5	advmod	_	_
5	affected	affect	_	VBN	_	0	root	_	_
6	by	by	_	IN	_	5	nmod	_	_
7	?	?	_	.	_	5	punct	_	_"	(ROOT (SBARQ (WHNP (WP What)) (SQ (VBD was) (NP (NNP Louisiana)) (VP (ADVP (RB adversely)) (VBN affected) (PP (IN by)))) (. ?)))	Hurricane Gustav
Easy	blogs-03-2	blogs-03	What rolled in on Monday, September 1, in the morning?	Story	"1	What	what	_	WDT	_	2	nsubj	_	_
2	rolled	roll	_	VBD	_	0	root	_	_
3	in	in	_	IN	_	2	compound:prt	_	_
4	on	on	_	IN	_	5	case	_	_
5	Monday	Monday	_	NNP	_	2	nmod	_	_
6	,	,	_	,	_	2	punct	_	_
7	September	September	_	NNP	_	2	nmod:tmod	_	_
8	1	1	_	CD	_	7	nummod	_	_
9	,	,	_	,	_	2	punct	_	_
10	in	in	_	IN	_	12	case	_	_
11	the	the	_	DT	_	12	det	_	_
12	morning	morning	_	NN	_	2	nmod	_	_
13	?	?	_	.	_	2	punct	_	_"	(ROOT (SBARQ (WHNP (WDT What)) (SQ (VP (VBD rolled) (PP (IN in) (PP (IN on) (NP (NP (NNP Monday)) (, ,) (NP (NNP September) (CD 1)) (, ,)))) (PP (IN in) (NP (DT the) (NN morning))))) (. ?)))	the storm
Easy	blogs-03-3	blogs-03	What started kicking up?	Story	"1	What	what	_	WDT	_	2	nsubj	_	_
2	started	start	_	VBD	_	0	root	_	_
3	kicking	kick	_	VBG	_	2	xcomp	_	_
4	up	up	_	RP	_	3	compound:prt	_	_
5	?	?	_	.	_	2	punct	_	_"	(ROOT (SBARQ (WHNP (WDT What)) (SQ (VP (VBD started) (S (VP (VBG kicking) (PRT (RP up)))))) (. ?)))	winds
Easy	blogs-03-4	blogs-03	Who came to Baton Rouge yesterday to assess the damage?	Story	"1	Who	who	_	WP	_	2	nsubj	_	_
2	came	come	_	VBD	_	0	root	_	_
3	to	to	_	TO	_	5	case	_	_
4	Baton	Baton	_	NNP	_	5	compound	_	_
5	Rouge	Rouge	_	NNP	_	2	nmod	_	_
6	yesterday	yesterday	_	NN	_	2	nmod:tmod	_	_
7	to	to	_	TO	_	8	mark	_	_
8	assess	assess	_	VB	_	2	xcomp	_	_
9	the	the	_	DT	_	10	det	_	_
10	damage	damage	_	NN	_	8	dobj	_	_
11	?	?	_	.	_	2	punct	_	_"	(ROOT (SBARQ (WHNP (WP Who)) (SQ (VP (VBD came) (PP (TO to) (NP (NNP Baton) (NNP Rouge))) (NP-TMP (NN yesterday)) (S (VP (TO to) (VP (VB assess) (NP (DT the) (NN damage))))))) (. ?)))	President Bush
Easy	blogs-03-5	blogs-03	Where was the storm occurring?	Sch	"1	Where	where	_	WRB	_	5	advmod	_	_
2	was	be	_	VBD	_	5	aux	_	_
3	the	the	_	DT	_	4	det	_	_
4	storm	storm	_	NN	_	5	nsubj	_	_
5	occurring	occur	_	VBG	_	0	root	_	_
6	?	?	_	.	_	5	punct	_	_"	(ROOT (SBARQ (WHADVP (WRB Where)) (SQ (VBD was) (NP (DT the) (NN storm)) (VP (VBG occurring))) (. ?)))	in Louisiana | Louisiana
Easy	blogs-03-6	blogs-03	Where did the narrator go back to in order to purchase a portable generator?	Sch	"1	Where	where	_	WRB	_	5	advmod	_	_
2	did	do	_	VBD	_	5	aux	_	_
3	the	the	_	DT	_	4	det	_	_
4	narrator	narrator	_	NN	_	5	nsubj	_	_
5	go	go	_	VB	_	0	root	_	_
6	back	back	_	RB	_	5	advmod	_	_
7	to	to	_	TO	_	11	mark	_	_
8	in	in	_	IN	_	11	mark	_	_
9	order	order	_	NN	_	8	mwe	_	_
10	to	to	_	TO	_	11	mark	_	_
11	purchase	purchase	_	VB	_	6	advcl	_	_
12	a	a	_	DT	_	14	det	_	_
13	portable	portable	_	JJ	_	14	amod	_	_
14	generator	generator	_	NN	_	11	dobj	_	_
15	?	?	_	.	_	5	punct	_	_"	(ROOT (SBARQ (WHADVP (WRB Where)) (SQ (VBD did) (NP (DT the) (NN narrator)) (VP (VB go) (ADVP (RB back)) (PP (TO to)) (SBAR (IN in) (NN order) (S (VP (TO to) (VP (VB purchase) (NP (DT a) (JJ portable) (NN generator)))))))) (. ?)))	a store named Home Depot | Home Depot
Easy	blogs-03-7	blogs-03	What did the area of a neighborhood of the narrator have?	Sch	"1	What	what	_	WP	_	11	dobj	_	_
2	did	do	_	VBD	_	11	aux	_	_
3	the	the	_	DT	_	4	det	_	_
4	area	area	_	NN	_	11	nsubj	_	_
5	of	of	_	IN	_	7	case	_	_
6	a	a	_	DT	_	7	det	_	_
7	neighborhood	neighborhood	_	NN	_	4	nmod	_	_
8	of	of	_	IN	_	10	case	_	_
9	the	the	_	DT	_	10	det	_	_
10	narrator	narrator	_	NN	_	7	nmod	_	_
11	have	have	_	VB	_	0	root	_	_
12	?	?	_	.	_	11	punct	_	_"	(ROOT (SBARQ (WHNP (WP What)) (SQ (VBD did) (NP (NP (DT the) (NN area)) (PP (IN of) (NP (NP (DT a) (NN neighborhood)) (PP (IN of) (NP (DT the) (NN narrator)))))) (VP (VB have))) (. ?)))	a large group of pine trees and had a group of oak trees
Easy	blogs-03-8	blogs-03	Why did the narrator begin to be nervous?	Sch	"1	Why	why	_	WRB	_	5	advmod	_	_
2	did	do	_	VBD	_	5	aux	_	_
3	the	the	_	DT	_	4	det	_	_
4	narrator	narrator	_	NN	_	5	nsubj	_	_
5	begin	begin	_	VB	_	0	root	_	_
6	to	to	_	TO	_	8	mark	_	_
7	be	be	_	VB	_	8	cop	_	_
8	nervous	nervous	_	JJ	_	5	xcomp	_	_
9	?	?	_	.	_	5	punct	_	_"	(ROOT (SBARQ (WHADVP (WRB Why)) (SQ (VBD did) (NP (DT the) (NN narrator)) (VP (VB begin) (S (VP (TO to) (VP (VB be) (ADJP (JJ nervous))))))) (. ?)))	because it owned a group of trees and near the house of the narrator
Easy	blogs-03-9	blogs-03	Where did the narrator bring the family of the narrator to?	Sch	"1	Where	where	_	WRB	_	5	advmod	_	_
2	did	do	_	VBD	_	5	aux	_	_
3	the	the	_	DT	_	4	det	_	_
4	narrator	narrator	_	NN	_	5	nsubj	_	_
5	bring	bring	_	VB	_	0	root	_	_
6	the	the	_	DT	_	7	det	_	_
7	family	family	_	NN	_	5	dobj	_	_
8	of	of	_	IN	_	10	case	_	_
9	the	the	_	DT	_	10	det	_	_
10	narrator	narrator	_	NN	_	7	nmod	_	_
11	to	to	_	TO	_	5	nmod	_	_
12	?	?	_	.	_	5	punct	_	_"	(ROOT (SBARQ (WHADVP (WRB Where)) (SQ (VBD did) (NP (DT the) (NN narrator)) (VP (VB bring) (NP (NP (DT the) (NN family)) (PP (IN of) (NP (DT the) (NN narrator)))) (PP (TO to)))) (. ?)))	the house of the parent of the narrator
Medium	blogs-03-10	blogs-03	Who filled the container of some gasoline?	Sch	"1	Who	who	_	WP	_	2	nsubj	_	_
2	filled	fill	_	VBD	_	0	root	_	_
3	the	the	_	DT	_	4	det	_	_
4	container	container	_	NN	_	2	dobj	_	_
5	of	of	_	IN	_	7	case	_	_
6	some	some	_	DT	_	7	det	_	_
7	gasoline	gasoline	_	NN	_	4	nmod	_	_
8	?	?	_	.	_	2	punct	_	_"	(ROOT (SBARQ (WHNP (WP Who)) (SQ (VP (VBD filled) (NP (NP (DT the) (NN container)) (PP (IN of) (NP (DT some) (NN gasoline)))))) (. ?)))	the narrator
Medium	blogs-03-11	blogs-03	Who had a group of oak trees?	Sch	"1	Who	who	_	WP	_	2	nsubj	_	_
2	had	have	_	VBD	_	0	root	_	_
3	a	a	_	DT	_	4	det	_	_
4	group	group	_	NN	_	2	dobj	_	_
5	of	of	_	IN	_	7	case	_	_
6	oak	oak	_	NN	_	7	compound	_	_
7	trees	tree	_	NNS	_	4	nmod	_	_
8	?	?	_	.	_	2	punct	_	_"	(ROOT (SBARQ (WHNP (WP Who)) (SQ (VP (VBD had) (NP (NP (DT a) (NN group)) (PP (IN of) (NP (NN oak) (NNS trees)))))) (. ?)))	an area of a neighborhood of the narrator
Medium	blogs-03-12	blogs-03	What fell on the yard of a neighbor?	Sch	"1	What	what	_	WDT	_	2	nsubj	_	_
2	fell	fall	_	VBD	_	0	root	_	_
3	on	on	_	IN	_	5	case	_	_
4	the	the	_	DT	_	5	det	_	_
5	yard	yard	_	NN	_	2	nmod	_	_
6	of	of	_	IN	_	8	case	_	_
7	a	a	_	DT	_	8	det	_	_
8	neighbor	neighbor	_	NN	_	5	nmod	_	_
9	?	?	_	.	_	2	punct	_	_"	(ROOT (SBARQ (WHNP (WDT What)) (SQ (VP (VBD fell) (PP (IN on) (NP (NP (DT the) (NN yard)) (PP (IN of) (NP (DT a) (NN neighbor))))))) (. ?)))	the tree
Medium	blogs-03-13	blogs-03	Who watched a large tree?	Sch	"1	Who	who	_	WP	_	2	nsubj	_	_
2	watched	watch	_	VBD	_	0	root	_	_
3	a	a	_	DT	_	5	det	_	_
4	large	large	_	JJ	_	5	amod	_	_
5	tree	tree	_	NN	_	2	dobj	_	_
6	?	?	_	.	_	2	punct	_	_"	(ROOT (SBARQ (WHNP (WP Who)) (SQ (VP (VBD watched) (NP (DT a) (JJ large) (NN tree)))) (. ?)))	the narrator
Medium	blogs-03-14	blogs-03	What did the first tree fall onto?	Sch	"1	What	what	_	WP	_	0	root	_	_
2	did	do	_	VBD	_	1	nsubj	_	_
3	the	the	_	DT	_	6	det	_	_
4	first	first	_	JJ	_	6	amod	_	_
5	tree	tree	_	NN	_	6	compound	_	_
6	fall	fall	_	NN	_	2	dobj	_	_
7	onto	onto	_	IN	_	6	advmod	_	_
8	?	?	_	.	_	1	punct	_	_"	(ROOT (SBARQ (WHNP (WP What)) (SQ (VP (VBD did) (NP (DT the) (JJ first) (NN tree) (NN fall)) (PP (IN onto)))) (. ?)))	a RV of the neighbor
Medium	blogs-03-15	blogs-03	Who stayed in an area of the home where we felt safest?	Story	"1	Who	who	_	WP	_	2	nsubj	_	_
2	stayed	stay	_	VBD	_	0	root	_	_
3	in	in	_	IN	_	5	case	_	_
4	an	a	_	DT	_	5	det	_	_
5	area	area	_	NN	_	2	nmod	_	_
6	of	of	_	IN	_	8	case	_	_
7	the	the	_	DT	_	8	det	_	_
8	home	home	_	NN	_	5	nmod	_	_
9	where	where	_	WRB	_	11	advmod	_	_
10	we	we	_	PRP	_	11	nsubj	_	_
11	felt	feel	_	VBD	_	8	acl:relcl	_	_
12	safest	safest	_	JJS	_	11	xcomp	_	_
13	?	?	_	.	_	2	punct	_	_"	(ROOT (SBARQ (WHNP (WP Who)) (SQ (VP (VBD stayed) (PP (IN in) (NP (NP (DT an) (NN area)) (PP (IN of) (NP (DT the) (NN home))))) (SBAR (WHADVP (WRB where)) (S (NP (PRP we)) (VP (VBD felt) (NP (JJS safest))))))) (. ?)))	my wife, our five children, and our dog
Easy	fables-01-1	fables-01	Where was the crow sitting?	Story	"1	Where	where	_	WRB	_	5	advmod	_	_
2	was	be	_	VBD	_	5	aux	_	_
3	the	the	_	DT	_	4	det	_	_
4	crow	crow	_	NN	_	5	nsubj	_	_
5	sitting	sit	_	VBG	_	0	root	_	_
6	?	?	_	.	_	5	punct	_	_"	(ROOT (SBARQ (WHADVP (WRB Where)) (SQ (VBD was) (NP (DT the) (NN crow)) (VP (VBG sitting))) (. ?)))	on a branch of a tree
Easy	fables-01-2	fables-01	What did the crow have in her beak?	Story	"1	What	what	_	WP	_	5	dobj	_	_
2	did	do	_	VBD	_	5	aux	_	_
3	the	the	_	DT	_	4	det	_	_
4	crow	crow	_	NN	_	5	nsubj	_	_
5	have	have	_	VBP	_	0	root	_	_
6	in	in	_	IN	_	8	case	_	_
7	her	she	_	PRP$	_	8	nmod:poss	_	_
8	beak	beak	_	NN	_	5	nmod	_	_
9	?	?	_	.	_	5	punct	_	_"	(ROOT (SBARQ (WHNP (WP What)) (SQ (VBD did) (NP (DT the) (NN crow)) (VP (VBP have) (PP (IN in) (NP (PRP$ her) (NN beak))))) (. ?)))	a piece of cheese
Easy	fables-01-3	fables-01	Who is the Story about?	Story	"1	Who	who	_	WP	_	0	root	_	_
2	is	be	_	VBZ	_	1	cop	_	_
3	the	the	_	DT	_	4	det	_	_
4	Story	Story	_	NNP	_	1	nsubj	_	_
5	about	about	_	IN	_	4	dep	_	_
6	?	?	_	.	_	1	punct	_	_"	(ROOT (SBARQ (WHNP (WP Who)) (SQ (VBZ is) (NP (DT the) (NNP Story)) (ADJP (IN about))) (. ?)))	A Fox and A Crow
Easy	fables-01-4	fables-01	What did the fox do to the cheese?	Sch	"1	What	what	_	WP	_	5	dobj	_	_
2	did	do	_	VBD	_	5	aux	_	_
3	the	the	_	DT	_	4	det	_	_
4	fox	fox	_	NN	_	5	nsubj	_	_
5	do	do	_	VBP	_	0	root	_	_
6	to	to	_	TO	_	8	case	_	_
7	the	the	_	DT	_	8	det	_	_
8	cheese	cheese	_	NN	_	5	nmod	_	_
9	?	?	_	.	_	5	punct	_	_"	(ROOT (SBARQ (WHNP (WP What)) (SQ (VBD did) (NP (DT the) (NN fox)) (VP (VBP do) (PP (TO to) (NP (DT the) (NN cheese))))) (. ?)))	snatched
Easy	fables-01-5	fables-01	Where was the fox standing?	Sch	"1	Where	where	_	WRB	_	5	advmod	_	_
2	was	be	_	VBD	_	5	cop	_	_
3	the	the	_	DT	_	5	det	_	_
4	fox	fox	_	NN	_	5	compound	_	_
5	standing	standing	_	NN	_	0	root	_	_
6	?	?	_	.	_	5	punct	_	_"	(ROOT (SBARQ (WHADVP (WRB Where)) (SQ (VBD was) (NP (DT the) (NN fox) (NN standing))) (. ?)))	under the tree
Easy	fables-01-6	fables-01	What did the crow feel?	Sch	"1	What	what	_	WP	_	5	dobj	_	_
2	did	do	_	VBD	_	5	aux	_	_
3	the	the	_	DT	_	4	det	_	_
4	crow	crow	_	NN	_	5	nsubj	_	_
5	feel	feel	_	VB	_	0	root	_	_
6	?	?	_	.	_	5	punct	_	_"	(ROOT (SBARQ (WHNP (WP What)) (SQ (VBD did) (NP (DT the) (NN crow)) (VP (VB feel))) (. ?)))	Flattered | that the fox had flattered her
Easy	fables-01-7	fables-01	Who flattered the crow?	Sch	"1	Who	who	_	WP	_	2	nsubj	_	_
2	flattered	flatter	_	VBD	_	0	root	_	_
3	the	the	_	DT	_	4	det	_	_
4	crow	crow	_	NN	_	2	dobj	_	_
5	?	?	_	.	_	2	punct	_	_"	(ROOT (SBARQ (WHNP (WP Who)) (SQ (VP (VBD flattered) (NP (DT the) (NN crow)))) (. ?)))	The fox
Medium	fables-01-8	fables-01	What was the crow doing?	Sch	"1	What	what	_	WP	_	5	dobj	_	_
2	was	be	_	VBD	_	1	cop	_	_
3	the	the	_	DT	_	4	det	_	_
4	crow	crow	_	NN	_	5	nsubj	_	_
5	doing	do	_	VBG	_	0	root	_	_
6	?	?	_	.	_	5	punct	_	_"	(ROOT (SBARQ (WHNP (WP What)) (SQ (VBD was) (NP (DT the) (NN crow)) (VP (VBG doing))) (. ?)))	sitting on the branch of a tree
Medium	fables-01-9	fables-01	Where was the cheese?	Sch	"1	Where	where	_	WRB	_	2	advmod	_	_
2	was	be	_	VBD	_	0	root	_	_
3	the	the	_	DT	_	4	det	_	_
4	cheese	cheese	_	NN	_	2	nsubj	_	_
5	?	?	_	.	_	2	punct	_	_"	(ROOT (SBARQ (WHADVP (WRB Where)) (SQ (VBD was) (NP (DT the) (NN cheese))) (. ?)))	in the beak of the crow
Medium	fables-01-10	fables-01	Who set his wits to work?	Story	"1	Who	who	_	WP	_	2	nsubj	_	_
2	set	set	_	VBD	_	0	root	_	_
3	his	he	_	PRP$	_	4	nmod:poss	_	_
4	wits	wit	_	NNS	_	2	dobj	_	_
5	to	to	_	TO	_	6	mark	_	_
6	work	work	_	VB	_	2	advcl	_	_
7	?	?	_	.	_	2	punct	_	_"	(ROOT (SBARQ (WHNP (WP Who)) (SQ (VP (VBD set) (NP (PRP$ his) (NNS wits)) (S (VP (TO to) (VP (VB work)))))) (. ?)))	a Fox
Medium	fables-01-11	fables-01	Who tried to discover how to get the cheese?	Sch	"1	Who	who	_	WP	_	2	nsubj	_	_
2	tried	try	_	VBD	_	0	root	_	_
3	to	to	_	TO	_	4	mark	_	_
4	discover	discover	_	VB	_	2	xcomp	_	_
5	how	how	_	WRB	_	7	advmod	_	_
6	to	to	_	TO	_	7	mark	_	_
7	get	get	_	VB	_	4	ccomp	_	_
8	the	the	_	DT	_	9	det	_	_
9	cheese	cheese	_	NN	_	7	dobj	_	_
10	?	?	_	.	_	2	punct	_	_"	(ROOT (SBARQ (WHNP (WP Who)) (SQ (VP (VBD tried) (S (VP (TO to) (VP (VB discover) (SBAR (WHADVP (WRB how)) (S (VP (TO to) (VP (VB get) (NP (DT the) (NN cheese))))))))))) (. ?)))	a Fox
Medium	fables-01-12	fables-01	What did the fox say about the bird’s beauty?	Sch	"1	What	what	_	WP	_	5	dobj	_	_
2	did	do	_	VBD	_	5	aux	_	_
3	the	the	_	DT	_	4	det	_	_
4	fox	fox	_	NN	_	5	nsubj	_	_
5	say	say	_	VBP	_	0	root	_	_
6	about	about	_	IN	_	10	case	_	_
7	the	the	_	DT	_	8	det	_	_
8	bird	bird	_	NN	_	10	nmod:poss	_	_
9	's	's	_	POS	_	8	case	_	_
10	beauty	beauty	_	NN	_	5	nmod	_	_
11	?	?	_	.	_	5	punct	_	_"	(ROOT (SBARQ (WHNP (WP What)) (SQ (VBD did) (NP (DT the) (NN fox)) (VP (VBP say) (PP (IN about) (NP (NP (DT the) (NN bird) (POS 's)) (NN beauty))))) (. ?)))	the beauty of the bird was incomparable
Medium	fables-01-13	fables-01	How did the crow caw?	Sch	"1	How	how	_	WRB	_	0	root	_	_
2	did	do	_	VBD	_	1	root	_	_
3	the	the	_	DT	_	5	det	_	_
4	crow	crow	_	NN	_	5	compound	_	_
5	caw	caw	_	NN	_	2	nsubj	_	_
6	?	?	_	.	_	2	punct	_	_"	(ROOT (SBARQ (WHADVP (WRB How)) (SINV (VBD did) (NP (DT the) (NN crow) (NN caw))) (. ?)))	loudly
Easy	fables-02-1	fables-02	Who was feeding in a meadow?	Story	"1	Who	who	_	WP	_	3	nsubj	_	_
2	was	be	_	VBD	_	3	aux	_	_
3	feeding	feed	_	VBG	_	0	root	_	_
4	in	in	_	IN	_	6	case	_	_
5	a	a	_	DT	_	6	det	_	_
6	meadow	meadow	_	NN	_	3	nmod	_	_
7	?	?	_	.	_	3	punct	_	_"	(ROOT (SBARQ (WHNP (WP Who)) (SQ (VBD was) (NP (NP (VBG feeding)) (PP (IN in) (NP (DT a) (NN meadow))))) (. ?)))	a fat bull
Easy	fables-02-2	fables-02	Who was persuaded by this flattery?	Story	"1	Who	who	_	WP	_	3	nsubjpass	_	_
2	was	be	_	VBD	_	3	auxpass	_	_
3	persuaded	persuade	_	VBN	_	0	root	_	_
4	by	by	_	IN	_	6	case	_	_
5	this	this	_	DT	_	6	det	_	_
6	flattery	flattery	_	NN	_	3	nmod	_	_
7	?	?	_	.	_	3	punct	_	_"	(ROOT (SBARQ (WHNP (WP Who)) (SQ (VBD was) (VP (VBN persuaded) (PP (IN by) (NP (DT this) (NN flattery))))) (. ?)))	the bull
Easy	fables-02-3	fables-02	Where was the bull?	Sch	"1	Where	where	_	WRB	_	2	advmod	_	_
2	was	be	_	VBD	_	0	root	_	_
3	the	the	_	DT	_	4	det	_	_
4	bull	bull	_	NN	_	2	nsubj	_	_
5	?	?	_	.	_	2	punct	_	_"	(ROOT (SBARQ (WHADVP (WRB Where)) (SQ (VBD was) (NP (DT the) (NN bull))) (. ?)))	in a meadow
Easy	fables-02-4	fables-02	Who was grazing?	Sch	"1	Who	who	_	WP	_	0	root	_	_
2	was	be	_	VBD	_	1	cop	_	_
3	grazing	grazing	_	NN	_	1	nsubj	_	_
4	?	?	_	.	_	1	punct	_	_"	(ROOT (SBARQ (WHNP (WP Who)) (SQ (VBD was) (NP (NN grazing))) (. ?)))	the bull
Easy	fables-02-5	fables-02	Who watched the bull?	Sch	"1	Who	who	_	WP	_	2	nsubj	_	_
2	watched	watch	_	VBD	_	0	root	_	_
3	the	the	_	DT	_	4	det	_	_
4	bull	bull	_	NN	_	2	dobj	_	_
5	?	?	_	.	_	2	punct	_	_"	(ROOT (SBARQ (WHNP (WP Who)) (SQ (VP (VBD watched) (NP (DT the) (NN bull)))) (. ?)))	a lion
Easy	fables-02-6	fables-02	What did the lion feign?	Sch	"1	What	what	_	WP	_	5	dobj	_	_
2	did	do	_	VBD	_	5	aux	_	_
3	the	the	_	DT	_	4	det	_	_
4	lion	lion	_	NN	_	5	nsubj	_	_
5	feign	feign	_	VB	_	0	root	_	_
6	?	?	_	.	_	5	punct	_	_"	(ROOT (SBARQ (WHNP (WP What)) (SQ (VBD did) (NP (DT the) (NN lion)) (VP (VB feign))) (. ?)))	that the lion was friendly
Easy	fables-02-7	fables-02	Who is the story about?	Story	"1	Who	who	_	WP	_	0	root	_	_
2	is	be	_	VBZ	_	1	cop	_	_
3	the	the	_	DT	_	4	det	_	_
4	story	story	_	NN	_	1	nsubj	_	_
5	about	about	_	IN	_	4	nmod	_	_
6	?	?	_	.	_	1	punct	_	_"	(ROOT (SBARQ (WHNP (WP Who)) (SQ (VBZ is) (NP (DT the) (NN story)) (ADJP (IN about))) (. ?)))	a lion and a bull
Easy	fables-02-8	fables-02	Who was foolish?	Story	"1	Who	who	_	WP	_	0	root	_	_
2	was	be	_	VBD	_	1	cop	_	_
3	foolish	foolish	_	JJ	_	1	nsubj	_	_
4	?	?	_	.	_	1	punct	_	_"	(ROOT (SBARQ (WHNP (WP Who)) (SQ (VBD was) (ADJP (JJ foolish))) (. ?)))	the bull
Easy	fables-02-9	fables-02	What did the lion want?	Sch	"1	What	what	_	WP	_	5	dobj	_	_
2	did	do	_	VBD	_	5	aux	_	_
3	the	the	_	DT	_	4	det	_	_
4	lion	lion	_	NN	_	5	nsubj	_	_
5	want	want	_	VB	_	0	root	_	_
6	?	?	_	.	_	5	punct	_	_"	(ROOT (SBARQ (WHNP (WP What)) (SQ (VBD did) (NP (DT the) (NN lion)) (VP (VB want))) (. ?)))	to eat the bull
Easy	fables-02-10	fables-02	Why did not the lion attack the bull?	Sch	"1	Why	why	_	WRB	_	6	advmod	_	_
2	did	do	_	VBD	_	6	aux	_	_
3	not	not	_	RB	_	6	neg	_	_
4	the	the	_	DT	_	6	det	_	_
5	lion	lion	_	NN	_	6	compound	_	_
6	attack	attack	_	NN	_	0	root	_	_
7	the	the	_	DT	_	8	det	_	_
8	bull	bull	_	NN	_	6	dobj	_	_
9	?	?	_	.	_	6	punct	_	_"	(ROOT (SBARQ (WHADVP (WRB Why)) (SQ (VBD did) (RB not) (NP (DT the) (NN lion) (NN attack))) (FRAG (X (DT the)) (NP (NN bull))) (. ?)))	because the lion feared sharp every horn of the bull
Easy	fables-02-11	fables-02	What did the lion fear?	Sch	"1	What	what	_	WP	_	5	dobj	_	_
2	did	do	_	VBD	_	5	aux	_	_
3	the	the	_	DT	_	4	det	_	_
4	lion	lion	_	NN	_	5	nsubj	_	_
5	fear	fear	_	NN	_	0	root	_	_
6	?	?	_	.	_	5	punct	_	_"	(ROOT (SBARQ (WHNP (WP What)) (SQ (VP (VBD did) (NP (DT the) (NN lion) (NN fear)))) (. ?)))	sharp every horn of the bull
Medium	fables-02-12	fables-02	What is ugly?	Story	"1	What	what	_	WP	_	0	root	_	_
2	is	be	_	VBZ	_	1	cop	_	_
3	ugly	ugly	_	JJ	_	1	nsubj	_	_
4	?	?	_	.	_	1	punct	_	_"	(ROOT (SBARQ (WHNP (WP What)) (SQ (VBZ is) (ADJP (JJ ugly))) (. ?)))	horns
Medium	fables-02-13	fables-02	Who salivated?	Sch	"1	Who	who	_	WP	_	2	nsubj	_	_
2	salivated	salivate	_	VBN	_	0	root	_	_
3	?	?	_	.	_	2	punct	_	_"	(ROOT (SBARQ (WHNP (WP Who)) (SQ (VP (VBN salivated))) (. ?)))	a lion
Medium	fables-02-14	fables-02	Why did the lion salivate?	Sch	"1	Why	why	_	WRB	_	5	advmod	_	_
2	did	do	_	VBD	_	5	aux	_	_
3	the	the	_	DT	_	4	det	_	_
4	lion	lion	_	NN	_	5	nsubj	_	_
5	salivate	salivate	_	VB	_	0	root	_	_
6	?	?	_	.	_	5	punct	_	_"	(ROOT (SBARQ (WHADVP (WRB Why)) (SQ (VBD did) (NP (DT the) (NN lion)) (VP (VB salivate))) (. ?)))	because the lion wanted to eat the bull
Medium	fables-02-15	fables-02	What did the lion advise the bull?	Sch	"1	What	what	_	WP	_	5	dep	_	_
2	did	do	_	VBD	_	5	aux	_	_
3	the	the	_	DT	_	4	det	_	_
4	lion	lion	_	NN	_	5	nsubj	_	_
5	advise	advise	_	VBP	_	0	root	_	_
6	the	the	_	DT	_	7	det	_	_
7	bull	bull	_	NN	_	5	dobj	_	_
8	?	?	_	.	_	5	punct	_	_"	(ROOT (SBARQ (WHNP (WP What)) (SQ (VBD did) (NP (DT the) (NN lion)) (VP (VBP advise) (NP (DT the) (NN bull)))) (. ?)))	to remove every horn of the bull
Medium	fables-02-16	fables-02	Why did the lion advise the bull to remove its horns?	Sch	"1	Why	why	_	WRB	_	5	advmod	_	_
2	did	do	_	VBD	_	5	aux	_	_
3	the	the	_	DT	_	4	det	_	_
4	lion	lion	_	NN	_	5	nsubj	_	_
5	advise	advise	_	VBP	_	0	root	_	_
6	the	the	_	DT	_	7	det	_	_
7	bull	bull	_	NN	_	5	dobj	_	_
8	to	to	_	TO	_	9	mark	_	_
9	remove	remove	_	VB	_	5	advcl	_	_
10	its	its	_	PRP$	_	11	nmod:poss	_	_
11	horns	horn	_	NNS	_	9	dobj	_	_
12	?	?	_	.	_	5	punct	_	_"	(ROOT (SBARQ (WHADVP (WRB Why)) (SQ (VBD did) (NP (DT the) (NN lion)) (VP (VBP advise) (NP (DT the) (NN bull)) (S (VP (TO to) (VP (VB remove) (NP (PRP$ its) (NNS horns))))))) (. ?)))	because every horn of the bull was ugly
Medium	fables-02-17	fables-02	What did the lion decide?	Sch	"1	What	what	_	WP	_	5	dobj	_	_
2	did	do	_	VBD	_	5	aux	_	_
3	the	the	_	DT	_	4	det	_	_
4	lion	lion	_	NN	_	5	nsubj	_	_
5	decide	decide	_	VB	_	0	root	_	_
6	?	?	_	.	_	5	punct	_	_"	(ROOT (SBARQ (WHNP (WP What)) (SQ (VBD did) (NP (DT the) (NN lion)) (VP (VB decide))) (. ?)))	to attempt to kill the bull
Medium	fables-02-18	fables-02	Who has horns?	Sch	"1	Who	who	_	WP	_	2	nsubj	_	_
2	has	have	_	VBZ	_	0	root	_	_
3	horns	horn	_	NNS	_	2	dobj	_	_
4	?	?	_	.	_	2	punct	_	_"	(ROOT (SBARQ (WHNP (WP Who)) (SQ (VP (VBZ has) (NP (NNS horns)))) (. ?)))	the bull
Easy	blogs-01-1	blogs-01	When did the G20 summit start?	Sch	"1	When	when	_	WRB	_	6	advmod	_	_
2	did	do	_	VBD	_	6	aux	_	_
3	the	the	_	DT	_	5	det	_	_
4	G20	g20	_	NN	_	5	compound	_	_
5	summit	summit	_	NN	_	6	nsubj	_	_
6	start	start	_	VB	_	0	root	_	_
7	?	?	_	.	_	6	punct	_	_"	(ROOT (SBARQ (WHADVP (WRB When)) (SQ (VBD did) (NP (DT the) (NN G20) (NN summit)) (VP (VB start))) (. ?)))	on eventful today | eventful today
Easy	blogs-01-2	blogs-01	What is the summit meeting named?	Sch	"1	What	what	_	WP	_	0	root	_	_
2	is	be	_	VBZ	_	1	cop	_	_
3	the	the	_	DT	_	5	det	_	_
4	summit	summit	_	NN	_	5	compound	_	_
5	meeting	meeting	_	NN	_	1	nsubj	_	_
6	named	name	_	VBN	_	5	acl	_	_
7	?	?	_	.	_	1	punct	_	_"	(ROOT (SBARQ (WHNP (WP What)) (SQ (VBZ is) (NP (DT the) (NN summit) (NN meeting)) (VP (VBN named))) (. ?)))	G20 summit
Easy	blogs-01-3	blogs-01	Where did the protest happen?	Story | Sch	"1	Where	where	_	WRB	_	5	advmod	_	_
2	did	do	_	VBD	_	5	aux	_	_
3	the	the	_	DT	_	4	det	_	_
4	protest	protest	_	NN	_	5	nsubj	_	_
5	happen	happen	_	VB	_	0	root	_	_
6	?	?	_	.	_	5	punct	_	_"	(ROOT (SBARQ (WHADVP (WRB Where)) (SQ (VBD did) (NP (DT the) (NN protest)) (VP (VB happen))) (. ?)))	on a street | along the street where I work | right in front of my store
Easy	blogs-01-4	blogs-01	What did the people burn?	Sch	"1	What	what	_	WP	_	5	dobj	_	_
2	did	do	_	VBD	_	5	aux	_	_
3	the	the	_	DT	_	4	det	_	_
4	people	people	_	NNS	_	5	nsubj	_	_
5	burn	burn	_	VBP	_	0	root	_	_
6	?	?	_	.	_	5	punct	_	_"	(ROOT (SBARQ (WHNP (WP What)) (SQ (VBD did) (NP (DT the) (NNS people)) (VP (VBP burn))) (. ?)))	a police car | police car
Easy	blogs-01-5	blogs-01	Who rebelled?	Sch	"1	Who	who	_	WP	_	2	nsubj	_	_
2	rebelled	rebel	_	VBN	_	0	root	_	_
3	?	?	_	.	_	2	punct	_	_"	(ROOT (SBARQ (WHNP (WP Who)) (SQ (VP (VBN rebelled))) (. ?)))	the people
Easy	blogs-01-6	blogs-01	Who created a riot?	Sch	"1	Who	who	_	WP	_	2	nsubj	_	_
2	created	create	_	VBD	_	0	root	_	_
3	a	a	_	DT	_	4	det	_	_
4	riot	riot	_	NN	_	2	dobj	_	_
5	?	?	_	.	_	2	punct	_	_"	(ROOT (SBARQ (WHNP (WP Who)) (SQ (VP (VBD created) (NP (DT a) (NN riot)))) (. ?)))	the people
Easy	blogs-01-7	blogs-01	What happened to a police car?	Sch	"1	What	what	_	WP	_	2	nsubj	_	_
2	happened	happen	_	VBD	_	0	root	_	_
3	to	to	_	TO	_	6	case	_	_
4	a	a	_	DT	_	6	det	_	_
5	police	police	_	NN	_	6	compound	_	_
6	car	car	_	NN	_	2	nmod	_	_
7	?	?	_	.	_	2	punct	_	_"	(ROOT (SBARQ (WHNP (WP What)) (SQ (VP (VBD happened) (PP (TO to) (NP (DT a) (NN police) (NN car))))) (. ?)))	it burned | burned
Easy	blogs-01-8	blogs-01	Who burned a police car?	Sch	"1	Who	who	_	WP	_	2	nsubj	_	_
2	burned	burn	_	VBD	_	0	root	_	_
3	a	a	_	DT	_	5	det	_	_
4	police	police	_	NN	_	5	compound	_	_
5	car	car	_	NN	_	2	dobj	_	_
6	?	?	_	.	_	2	punct	_	_"	(ROOT (SBARQ (WHNP (WP Who)) (SQ (VP (VBD burned) (NP (DT a) (NN police) (NN car)))) (. ?)))	the people
Easy	blogs-01-9	blogs-01	What was burned?	Story | Sch	"1	What	what	_	WP	_	3	nsubjpass	_	_
2	was	be	_	VBD	_	3	auxpass	_	_
3	burned	burn	_	VBN	_	0	root	_	_
4	?	?	_	.	_	3	punct	_	_"	(ROOT (SBARQ (WHNP (WP What)) (SQ (VBD was) (VP (VBN burned))) (. ?)))	a police car | police cars
Easy	blogs-01-10	blogs-01	What happened to the police cars?	Story	"1	What	what	_	WP	_	2	nsubj	_	_
2	happened	happen	_	VBD	_	0	root	_	_
3	to	to	_	TO	_	6	case	_	_
4	the	the	_	DT	_	6	det	_	_
5	police	police	_	NN	_	6	compound	_	_
6	cars	car	_	NNS	_	2	nmod	_	_
7	?	?	_	.	_	2	punct	_	_"	(ROOT (SBARQ (WHNP (WP What)) (SQ (VP (VBD happened) (PP (TO to) (NP (DT the) (NN police) (NNS cars))))) (. ?)))	were burned | burned
Easy	blogs-01-11	blogs-01	What was fired?	Story	"1	What	what	_	WP	_	3	nsubjpass	_	_
2	was	be	_	VBD	_	3	auxpass	_	_
3	fired	fire	_	VBN	_	0	root	_	_
4	?	?	_	.	_	3	punct	_	_"	(ROOT (SBARQ (WHNP (WP What)) (SQ (VBD was) (VP (VBN fired))) (. ?)))	bean bag bullets
Easy	blogs-01-12	blogs-01	What was fired at the rioters?	Story	"1	What	what	_	WP	_	3	nsubjpass	_	_
2	was	be	_	VBD	_	3	auxpass	_	_
3	fired	fire	_	VBN	_	0	root	_	_
4	at	at	_	IN	_	6	case	_	_
5	the	the	_	DT	_	6	det	_	_
6	rioters	rioter	_	NNS	_	3	nmod	_	_
7	?	?	_	.	_	3	punct	_	_"	(ROOT (SBARQ (WHNP (WP What)) (SQ (VBD was) (VP (VBN fired) (PP (IN at) (NP (DT the) (NNS rioters))))) (. ?)))	bean bag bullets
Easy	blogs-01-13	blogs-01	What was smashed?	Story	"1	What	what	_	WP	_	3	nsubjpass	_	_
2	was	be	_	VBD	_	3	auxpass	_	_
3	smashed	smash	_	VBN	_	0	root	_	_
4	?	?	_	.	_	3	punct	_	_"	(ROOT (SBARQ (WHNP (WP What)) (SQ (VBD was) (VP (VBN smashed))) (. ?)))	windows of stores
Medium	blogs-01-14	blogs-01	Who fired a bullet at the people?	Sch	"1	Who	who	_	WP	_	2	nsubj	_	_
2	fired	fire	_	VBD	_	0	root	_	_
3	a	a	_	DT	_	4	det	_	_
4	bullet	bullet	_	NN	_	2	dobj	_	_
5	at	at	_	IN	_	7	case	_	_
6	the	the	_	DT	_	7	det	_	_
7	people	people	_	NNS	_	2	nmod	_	_
8	?	?	_	.	_	2	punct	_	_"	(ROOT (SBARQ (WHNP (WP Who)) (SQ (VP (VBD fired) (NP (DT a) (NN bullet)) (PP (IN at) (NP (DT the) (NNS people))))) (. ?)))	the police
Medium	blogs-01-15	blogs-01	Who was tear gas fired at?	Story	"1	Who	who	_	WP	_	3	nsubj	_	_
2	was	be	_	VBD	_	3	aux	_	_
3	tear	tear	_	VB	_	0	root	_	_
4	gas	gas	_	NN	_	5	nsubj	_	_
5	fired	fire	_	VBD	_	3	ccomp	_	_
6	at	at	_	IN	_	5	nmod	_	_
7	?	?	_	.	_	3	punct	_	_"	(ROOT (SBARQ (WHNP (WP Who)) (SQ (VP (VBD was) (SBAR (S (S (VP (VB tear) (NP (NN gas)))) (VP (VBD fired) (PP (IN at))))))) (. ?)))	the rioters
Medium	blogs-01-16	blogs-01	Why did the people protest?	Sch	"1	Why	why	_	WRB	_	5	advmod	_	_
2	did	do	_	VBD	_	5	aux	_	_
3	the	the	_	DT	_	4	det	_	_
4	people	people	_	NNS	_	5	nsubj	_	_
5	protest	protest	_	NN	_	0	root	_	_
6	?	?	_	.	_	5	punct	_	_"	(ROOT (SBARQ (WHADVP (WRB Why)) (SQ (VP (VBD did) (NP (DT the) (NNS people) (NN protest)))) (. ?)))	because they disagreed about a view
Medium	blogs-01-17	blogs-01	What did the people create?	Sch	"1	What	what	_	WP	_	5	dobj	_	_
2	did	do	_	VBD	_	5	aux	_	_
3	the	the	_	DT	_	4	det	_	_
4	people	people	_	NNS	_	5	nsubj	_	_
5	create	create	_	VB	_	0	root	_	_
6	?	?	_	.	_	5	punct	_	_"	(ROOT (SBARQ (WHNP (WP What)) (SQ (VBD did) (NP (DT the) (NNS people)) (VP (VB create))) (. ?)))	riot
Medium	blogs-01-18	blogs-01	Why were the police in full riot gear?	Story	"1	Why	why	_	WRB	_	0	root	_	_
2	were	be	_	VBD	_	1	dep	_	_
3	the	the	_	DT	_	4	det	_	_
4	police	police	_	NN	_	2	nsubj	_	_
5	in	in	_	IN	_	8	case	_	_
6	full	full	_	JJ	_	8	amod	_	_
7	riot	riot	_	NN	_	8	compound	_	_
8	gear	gear	_	NN	_	4	nmod	_	_
9	?	?	_	.	_	1	punct	_	_"	(ROOT (SBARQ (WHADVP (WRB Why)) (SQ (VBD were) (NP (NP (DT the) (NN police)) (PP (IN in) (NP (JJ full) (NN riot) (NN gear))))) (. ?)))	to alleviate the violence
Easy	fables-04-1	fables-04	Who did the Fox invite to dinner?	Story	"1	Who	who	_	WP	_	5	dep	_	_
2	did	do	_	VBD	_	5	aux	_	_
3	the	the	_	DT	_	4	det	_	_
4	Fox	Fox	_	NNP	_	5	nsubj	_	_
5	invite	invite	_	VB	_	0	root	_	_
6	to	to	_	TO	_	7	case	_	_
7	dinner	dinner	_	NN	_	5	nmod	_	_
8	?	?	_	.	_	5	punct	_	_"	(ROOT (SBARQ (WHNP (WP Who)) (SQ (VBD did) (NP (DT the) (NNP Fox)) (VP (VB invite) (PP (TO to) (NP (NN dinner))))) (. ?)))	a stork
Easy	fables-04-2	fables-04	What was the only fare provided?	Story	"1	What	what	_	WP	_	0	root	_	_
2	was	be	_	VBD	_	1	cop	_	_
3	the	the	_	DT	_	5	det	_	_
4	only	only	_	JJ	_	5	amod	_	_
5	fare	fare	_	NN	_	1	nsubj	_	_
6	provided	provide	_	VBN	_	5	acl	_	_
7	?	?	_	.	_	1	punct	_	_"	(ROOT (SBARQ (WHNP (WP What)) (SQ (VBD was) (NP (DT the) (JJ only) (NN fare)) (VP (VBN provided))) (. ?)))	a large flat dish of soup
Easy	fables-04-3	fables-04	Where was some soup served?	Sch	"1	Where	where	_	WRB	_	5	advmod	_	_
2	was	be	_	VBD	_	5	auxpass	_	_
3	some	some	_	DT	_	4	det	_	_
4	soup	soup	_	NN	_	5	nsubjpass	_	_
5	served	serve	_	VBN	_	0	root	_	_
6	?	?	_	.	_	5	punct	_	_"	(ROOT (SBARQ (WHADVP (WRB Where)) (SQ (VBD was) (NP (DT some) (NN soup)) (VP (VBN served))) (. ?)))	in a flat and large dish
Easy	fables-04-4	fables-04	Who is the story about?	Sch	"1	Who	who	_	WP	_	0	root	_	_
2	is	be	_	VBZ	_	1	cop	_	_
3	the	the	_	DT	_	4	det	_	_
4	story	story	_	NN	_	1	nsubj	_	_
5	about	about	_	IN	_	4	nmod	_	_
6	?	?	_	.	_	1	punct	_	_"	(ROOT (SBARQ (WHNP (WP Who)) (SQ (VBZ is) (NP (DT the) (NN story)) (ADJP (IN about))) (. ?)))	a lion and a bull
Easy	fables-04-5	fables-04	What did the fox do to the soup?	Sch|Story	"1	What	what	_	WP	_	5	dobj	_	_
2	did	do	_	VBD	_	5	aux	_	_
3	the	the	_	DT	_	4	det	_	_
4	fox	fox	_	NN	_	5	nsubj	_	_
5	do	do	_	VBP	_	0	root	_	_
6	to	to	_	TO	_	8	case	_	_
7	the	the	_	DT	_	8	det	_	_
8	soup	soup	_	NN	_	5	nmod	_	_
9	?	?	_	.	_	5	punct	_	_"	(ROOT (SBARQ (WHNP (WP What)) (SQ (VBD did) (NP (DT the) (NN fox)) (VP (VBP do) (PP (TO to) (NP (DT the) (NN soup))))) (. ?)))	lapped the soup with relish
Easy	fables-04-6	fables-04	Why did the fox begin to be hungry and begin to be helpless?	Sch	"1	Why	why	_	WRB	_	5	advmod	_	_
2	did	do	_	VBD	_	5	aux	_	_
3	the	the	_	DT	_	4	det	_	_
4	fox	fox	_	NN	_	5	nsubj	_	_
5	begin	begin	_	VB	_	0	root	_	_
6	to	to	_	TO	_	8	mark	_	_
7	be	be	_	VB	_	8	cop	_	_
8	hungry	hungry	_	JJ	_	5	xcomp	_	_
9	and	and	_	CC	_	5	cc	_	_
10	begin	begin	_	VB	_	5	conj	_	_
11	to	to	_	TO	_	13	mark	_	_
12	be	be	_	VB	_	13	cop	_	_
13	helpless	helpless	_	JJ	_	10	xcomp	_	_
14	?	?	_	.	_	5	punct	_	_"	(ROOT (SBARQ (WHADVP (WRB Why)) (SQ (VBD did) (NP (DT the) (NN fox)) (VP (VB begin) (S (VP (TO to) (VP (VP (VB be) (ADJP (JJ hungry))) (CC and) (VP (VB begin) (S (VP (TO to) (VP (VB be) (ADJP (JJ helpless))))))))))) (. ?)))	because he wasn't able to reach some food that was in the pitcher
Easy	fables-04-7	fables-04	What did the stork easily fitted the long bill into?	Sch	"1	What	what	_	WP	_	6	dep	_	_
2	did	do	_	VBD	_	6	aux	_	_
3	the	the	_	DT	_	4	det	_	_
4	stork	stork	_	NN	_	6	nsubj	_	_
5	easily	easily	_	RB	_	6	advmod	_	_
6	fitted	fit	_	VBD	_	0	root	_	_
7	the	the	_	DT	_	9	det	_	_
8	long	long	_	JJ	_	9	amod	_	_
9	bill	bill	_	NN	_	6	dobj	_	_
10	into	into	_	IN	_	6	nmod	_	_
11	?	?	_	.	_	6	punct	_	_"	(ROOT (SBARQ (WHNP (WP What)) (SQ (VBD did) (NP (DT the) (NN stork)) (VP (ADVP (RB easily)) (VBD fitted) (NP (DT the) (JJ long) (NN bill)) (PP (IN into)))) (. ?)))	the long and narrow neck of the pitcher
Easy	fables-04-8	fables-04	Why did the Fox sit by hungry and helpless?	Story	"1	Why	why	_	WRB	_	5	advmod	_	_
2	did	do	_	VBD	_	5	aux	_	_
3	the	the	_	DT	_	4	det	_	_
4	Fox	Fox	_	NNP	_	5	nsubj	_	_
5	sit	sit	_	VBP	_	0	root	_	_
6	by	by	_	IN	_	7	case	_	_
7	hungry	hungry	_	JJ	_	5	nmod	_	_
8	and	and	_	CC	_	7	cc	_	_
9	helpless	helpless	_	JJ	_	7	conj	_	_
10	?	?	_	.	_	5	punct	_	_"	(ROOT (SBARQ (WHADVP (WRB Why)) (SQ (VBD did) (NP (DT the) (NNP Fox)) (VP (VBP sit) (PP (IN by) (ADJP (JJ hungry) (CC and) (JJ helpless))))) (. ?)))	for it was impossible for him to reach the tempting contents of the vessel
Medium	fables-04-9	fables-04	What was savoury?	Story	"1	What	what	_	WP	_	0	root	_	_
2	was	be	_	VBD	_	1	cop	_	_
3	savoury	savoury	_	NN	_	1	nsubj	_	_
4	?	?	_	.	_	1	punct	_	_"	(ROOT (SBARQ (WHNP (WP What)) (SQ (VBD was) (NP (NN savoury))) (. ?)))	broth
Medium	fables-04-10	fables-04	Who failed to drink some broth?	Sch	"1	Who	who	_	WP	_	2	nsubj	_	_
2	failed	fail	_	VBD	_	0	root	_	_
3	to	to	_	TO	_	4	mark	_	_
4	drink	drink	_	VB	_	2	xcomp	_	_
5	some	some	_	DT	_	6	det	_	_
6	broth	broth	_	NN	_	4	dobj	_	_
7	?	?	_	.	_	2	punct	_	_"	(ROOT (SBARQ (WHNP (WP Who)) (SQ (VP (VBD failed) (S (VP (TO to) (VP (VB drink) (NP (DT some) (NN broth))))))) (. ?)))	the stork
Medium	fables-04-11	fables-04	What was the shape of the neck of the pitcher?	Sch	"1	What	what	_	WP	_	0	root	_	_
2	was	be	_	VBD	_	1	cop	_	_
3	the	the	_	DT	_	4	det	_	_
4	shape	shape	_	NN	_	1	nsubj	_	_
5	of	of	_	IN	_	7	case	_	_
6	the	the	_	DT	_	7	det	_	_
7	neck	neck	_	NN	_	4	nmod	_	_
8	of	of	_	IN	_	10	case	_	_
9	the	the	_	DT	_	10	det	_	_
10	pitcher	pitcher	_	NN	_	7	nmod	_	_
11	?	?	_	.	_	1	punct	_	_"	(ROOT (SBARQ (WHNP (WP What)) (SQ (VBD was) (NP (NP (DT the) (NN shape)) (PP (IN of) (NP (NP (DT the) (NN neck)) (PP (IN of) (NP (DT the) (NN pitcher))))))) (. ?)))	long and narrow
Medium	fables-04-12	fables-04	What was clever?	Sch	"1	What	what	_	WP	_	0	root	_	_
2	was	be	_	VBD	_	1	cop	_	_
3	clever	clever	_	JJ	_	1	nsubj	_	_
4	?	?	_	.	_	1	punct	_	_"	(ROOT (SBARQ (WHNP (WP What)) (SQ (VBD was) (ADJP (JJ clever))) (. ?)))	the fox
Medium	fables-04-13	fables-04	What was the soup served in?	Sch	"1	What	what	_	WP	_	5	dobj	_	_
2	was	be	_	VBD	_	1	cop	_	_
3	the	the	_	DT	_	4	det	_	_
4	soup	soup	_	NN	_	5	nsubj	_	_
5	served	serve	_	VBD	_	0	root	_	_
6	in	in	_	IN	_	5	compound:prt	_	_
7	?	?	_	.	_	5	punct	_	_"	(ROOT (SBARQ (WHNP (WP What)) (SQ (VBD was) (NP (NP (DT the) (NN soup)) (SBAR (S (VP (VBD served) (PP (IN in))))))) (. ?)))	a flat and large dish
Easy	blogs-02-1	blogs-02	Who died?	Story | Sch	"1	Who	who	_	WP	_	2	nsubj	_	_
2	died	die	_	VBD	_	0	root	_	_
3	?	?	_	.	_	2	punct	_	_"	(ROOT (SBARQ (WHNP (WP Who)) (SQ (VP (VBD died))) (. ?)))	a young man | the young man
Easy	blogs-02-2	blogs-02	Where did the young man die?	Story | Sch	"1	Where	where	_	WRB	_	6	advmod	_	_
2	did	do	_	VBD	_	6	aux	_	_
3	the	the	_	DT	_	5	det	_	_
4	young	young	_	JJ	_	5	amod	_	_
5	man	man	_	NN	_	6	nsubj	_	_
6	die	die	_	VB	_	0	root	_	_
7	?	?	_	.	_	6	punct	_	_"	(ROOT (SBARQ (WHADVP (WRB Where)) (SQ (VBD did) (NP (DT the) (JJ young) (NN man)) (VP (VB die))) (. ?)))	out on my front lawn | on the spot of the yard of the narrator
Easy	blogs-02-3	blogs-02	Who visited the place where he died?	Story	"1	Who	who	_	WP	_	2	nsubj	_	_
2	visited	visit	_	VBD	_	0	root	_	_
3	the	the	_	DT	_	4	det	_	_
4	place	place	_	NN	_	2	dobj	_	_
5	where	where	_	WRB	_	7	advmod	_	_
6	he	he	_	PRP	_	7	nsubj	_	_
7	died	die	_	VBD	_	2	advcl	_	_
8	?	?	_	.	_	2	punct	_	_"	(ROOT (SBARQ (WHNP (WP Who)) (SQ (VP (VBD visited) (NP (DT the) (NN place)) (SBAR (WHADVP (WRB where)) (S (NP (PRP he)) (VP (VBD died)))))) (. ?)))	I | the narrator
Easy	blogs-02-4	blogs-02	Why did the narrator decide to talk to the young man?	Sch	"1	Why	why	_	WRB	_	5	advmod	_	_
2	did	do	_	VBD	_	5	aux	_	_
3	the	the	_	DT	_	4	det	_	_
4	narrator	narrator	_	NN	_	5	nsubj	_	_
5	decide	decide	_	VB	_	0	root	_	_
6	to	to	_	TO	_	7	mark	_	_
7	talk	talk	_	VB	_	5	xcomp	_	_
8	to	to	_	TO	_	11	case	_	_
9	the	the	_	DT	_	11	det	_	_
10	young	young	_	JJ	_	11	amod	_	_
11	man	man	_	NN	_	7	nmod	_	_
12	?	?	_	.	_	5	punct	_	_"	(ROOT (SBARQ (WHADVP (WRB Why)) (SQ (VBD did) (NP (DT the) (NN narrator)) (VP (VB decide) (S (VP (TO to) (VP (VB talk) (PP (TO to) (NP (DT the) (JJ young) (NN man)))))))) (. ?)))	because it wanted the young man to know the narrator regretting that it had not aided him
Easy	blogs-02-5	blogs-02	Where did the narrator enter?	Sch	"1	Where	where	_	WRB	_	5	advmod	_	_
2	did	do	_	VBD	_	5	aux	_	_
3	the	the	_	DT	_	4	det	_	_
4	narrator	narrator	_	NN	_	5	nsubj	_	_
5	enter	enter	_	VB	_	0	root	_	_
6	?	?	_	.	_	5	punct	_	_"	(ROOT (SBARQ (WHADVP (WRB Where)) (SQ (VBD did) (NP (DT the) (NN narrator)) (VP (VB enter))) (. ?)))	the house of the narrator
Easy	blogs-02-6	blogs-02	What did the narrator see?	Story | Sch	"1	What	what	_	WP	_	5	dobj	_	_
2	did	do	_	VBD	_	5	aux	_	_
3	the	the	_	DT	_	4	det	_	_
4	narrator	narrator	_	NN	_	5	nsubj	_	_
5	see	see	_	VB	_	0	root	_	_
6	?	?	_	.	_	5	punct	_	_"	(ROOT (SBARQ (WHNP (WP What)) (SQ (VBD did) (NP (DT the) (NN narrator)) (VP (VB see))) (. ?)))	this ball of light in the trees above me | some bright flash in a group of trees that was above the narrator
Easy	blogs-02-7	blogs-02	Who was snoring?	Story	"1	Who	who	_	WP	_	3	nsubj	_	_
2	was	be	_	VBD	_	3	aux	_	_
3	snoring	snore	_	VBG	_	0	root	_	_
4	?	?	_	.	_	3	punct	_	_"	(ROOT (SBARQ (WHNP (WP Who)) (SQ (VBD was) (VP (VBG snoring))) (. ?)))	everyone
Easy	blogs-02-8	blogs-02	Who crashed the motorbike?	Sch	"1	Who	who	_	WP	_	2	nsubj	_	_
2	crashed	crash	_	VBD	_	0	root	_	_
3	the	the	_	DT	_	4	det	_	_
4	motorbike	motorbike	_	NN	_	2	dobj	_	_
5	?	?	_	.	_	2	punct	_	_"	(ROOT (SBARQ (WHNP (WP Who)) (SQ (VP (VBD crashed) (NP (DT the) (NN motorbike)))) (. ?)))	a young man
Easy	blogs-02-9	blogs-02	Who stayed with the young man?	Sch	"1	Who	who	_	WP	_	2	nsubj	_	_
2	stayed	stay	_	VBD	_	0	root	_	_
3	with	with	_	IN	_	6	case	_	_
4	the	the	_	DT	_	6	det	_	_
5	young	young	_	JJ	_	6	amod	_	_
6	man	man	_	NN	_	2	nmod	_	_
7	?	?	_	.	_	2	punct	_	_"	(ROOT (SBARQ (WHNP (WP Who)) (SQ (VP (VBD stayed) (PP (IN with) (NP (DT the) (JJ young) (NN man))))) (. ?)))	the narrator
Easy	blogs-02-10	blogs-02	Who is the story about?	Story | Sch	"1	Who	who	_	WP	_	0	root	_	_
2	is	be	_	VBZ	_	1	cop	_	_
3	the	the	_	DT	_	4	det	_	_
4	story	story	_	NN	_	1	nsubj	_	_
5	about	about	_	IN	_	4	nmod	_	_
6	?	?	_	.	_	1	punct	_	_"	(ROOT (SBARQ (WHNP (WP Who)) (SQ (VBZ is) (NP (DT the) (NN story)) (ADJP (IN about))) (. ?)))	a lion and a bull
Easy	blogs-02-11	blogs-02	What did the narrator begin to wonder?	Sch	"1	What	what	_	WP	_	5	dep	_	_
2	did	do	_	VBD	_	5	aux	_	_
3	the	the	_	DT	_	4	det	_	_
4	narrator	narrator	_	NN	_	5	nsubj	_	_
5	begin	begin	_	VB	_	0	root	_	_
6	to	to	_	TO	_	7	mark	_	_
7	wonder	wonder	_	VB	_	5	xcomp	_	_
8	?	?	_	.	_	5	punct	_	_"	(ROOT (SBARQ (WHNP (WP What)) (SQ (VBD did) (NP (DT the) (NN narrator)) (VP (VB begin) (S (VP (TO to) (VP (VB wonder)))))) (. ?)))	that the flash was an orb
Easy	blogs-02-12	blogs-02	What was in a group of trees that was above the narrator?	Sch	"1	What	what	_	WP	_	5	nsubj	_	_
2	was	be	_	VBD	_	5	cop	_	_
3	in	in	_	IN	_	5	case	_	_
4	a	a	_	DT	_	5	det	_	_
5	group	group	_	NN	_	0	root	_	_
6	of	of	_	IN	_	7	case	_	_
7	trees	tree	_	NNS	_	5	nmod	_	_
8	that	that	_	WDT	_	12	nsubj	_	_
9	was	be	_	VBD	_	12	cop	_	_
10	above	above	_	IN	_	12	case	_	_
11	the	the	_	DT	_	12	det	_	_
12	narrator	narrator	_	NN	_	5	acl:relcl	_	_
13	?	?	_	.	_	5	punct	_	_"	(ROOT (SBARQ (WHNP (WP What)) (SQ (VP (VBD was) (PP (IN in) (NP (NP (DT a) (NN group)) (PP (IN of) (NP (NP (NNS trees)) (SBAR (WHNP (WDT that)) (S (VP (VBD was) (PP (IN above) (NP (DT the) (NN narrator)))))))))))) (. ?)))	some bright flash
Medium	blogs-02-13	blogs-02	When did the young man die?	Story	"1	When	when	_	WRB	_	6	advmod	_	_
2	did	do	_	VBD	_	6	aux	_	_
3	the	the	_	DT	_	5	det	_	_
4	young	young	_	JJ	_	5	amod	_	_
5	man	man	_	NN	_	6	nsubj	_	_
6	die	die	_	VB	_	0	root	_	_
7	?	?	_	.	_	6	punct	_	_"	(ROOT (SBARQ (WHADVP (WRB When)) (SQ (VBD did) (NP (DT the) (JJ young) (NN man)) (VP (VB die))) (. ?)))	a few years ago | when he crashed his motorbike
Medium	blogs-02-14	blogs-02	Where did the young man crash the motorbike?	Sch	"1	Where	where	_	WRB	_	6	advmod	_	_
2	did	do	_	VBD	_	6	aux	_	_
3	the	the	_	DT	_	5	det	_	_
4	young	young	_	JJ	_	5	amod	_	_
5	man	man	_	NN	_	6	nsubj	_	_
6	crash	crash	_	VB	_	0	root	_	_
7	the	the	_	DT	_	8	det	_	_
8	motorbike	motorbike	_	NN	_	6	dobj	_	_
9	?	?	_	.	_	6	punct	_	_"	(ROOT (SBARQ (WHADVP (WRB Where)) (SQ (VBD did) (NP (DT the) (JJ young) (NN man)) (VP (VB crash) (NP (DT the) (NN motorbike)))) (. ?)))	on the front yard of a narrator
Medium	blogs-02-15	blogs-02	Who broke the neck of the young man?	Sch	"1	Who	who	_	WP	_	2	nsubj	_	_
2	broke	break	_	VBD	_	0	root	_	_
3	the	the	_	DT	_	4	det	_	_
4	neck	neck	_	NN	_	2	dobj	_	_
5	of	of	_	IN	_	8	case	_	_
6	the	the	_	DT	_	8	det	_	_
7	young	young	_	JJ	_	8	amod	_	_
8	man	man	_	NN	_	4	nmod	_	_
9	?	?	_	.	_	2	punct	_	_"	(ROOT (SBARQ (WHNP (WP Who)) (SQ (VP (VBD broke) (NP (NP (DT the) (NN neck)) (PP (IN of) (NP (DT the) (JJ young) (NN man)))))) (. ?)))	a young man
Medium	blogs-02-16	blogs-02	Who decided to talk to the young man?	Sch	"1	Who	who	_	WP	_	2	nsubj	_	_
2	decided	decide	_	VBD	_	0	root	_	_
3	to	to	_	TO	_	4	mark	_	_
4	talk	talk	_	VB	_	2	xcomp	_	_
5	to	to	_	TO	_	8	case	_	_
6	the	the	_	DT	_	8	det	_	_
7	young	young	_	JJ	_	8	amod	_	_
8	man	man	_	NN	_	4	nmod	_	_
9	?	?	_	.	_	2	punct	_	_"	(ROOT (SBARQ (WHNP (WP Who)) (SQ (VP (VBD decided) (S (VP (TO to) (VP (VB talk) (PP (TO to) (NP (DT the) (JJ young) (NN man)))))))) (. ?)))	the narrator
Easy	blogs-04-1	blogs-04	Who approached the bowl?	Sch	"1	Who	who	_	WP	_	2	nsubj	_	_
2	approached	approach	_	VBD	_	0	root	_	_
3	the	the	_	DT	_	4	det	_	_
4	bowl	bowl	_	NN	_	2	dobj	_	_
5	?	?	_	.	_	2	punct	_	_"	(ROOT (SBARQ (WHNP (WP Who)) (SQ (VP (VBD approached) (NP (DT the) (NN bowl)))) (. ?)))	The squirrel
Easy	blogs-04-2	blogs-04	Who fell over the deck's railing?	Sch	"1	Who	who	_	WP	_	2	nsubj	_	_
2	fell	fall	_	VBD	_	0	root	_	_
3	over	over	_	IN	_	7	case	_	_
4	the	the	_	DT	_	5	det	_	_
5	deck	deck	_	NN	_	7	nmod:poss	_	_
6	's	's	_	POS	_	5	case	_	_
7	railing	railing	_	NN	_	2	nmod	_	_
8	?	?	_	.	_	2	punct	_	_"	(ROOT (SBARQ (WHNP (WP Who)) (SQ (VP (VBD fell) (PP (IN over) (NP (NP (DT the) (NN deck) (POS 's)) (NN railing))))) (. ?)))	The squirrel
Easy	blogs-04-3	blogs-04	What slipped off the deck's railing?	Sch	"1	What	what	_	WDT	_	2	nsubj	_	_
2	slipped	slip	_	VBD	_	0	root	_	_
3	off	off	_	RP	_	2	compound:prt	_	_
4	the	the	_	DT	_	5	det	_	_
5	deck	deck	_	NN	_	7	nmod:poss	_	_
6	's	's	_	POS	_	5	case	_	_
7	railing	railing	_	NN	_	2	dobj	_	_
8	?	?	_	.	_	2	punct	_	_"	(ROOT (FRAG (SBAR (WHNP (WDT What)) (S (VP (VBD slipped) (PRT (RP off)) (NP (NP (DT the) (NN deck) (POS 's)) (NN railing))))) (. ?)))	The squirrel's paw
Easy	blogs-04-4	blogs-04	What did the birds bath themselves in?	Sch	"1	What	what	_	WP	_	5	dep	_	_
2	did	do	_	VBD	_	5	aux	_	_
3	the	the	_	DT	_	4	det	_	_
4	birds	bird	_	NNS	_	5	nsubj	_	_
5	bath	bath	_	NN	_	0	root	_	_
6	themselves	themselves	_	PRP	_	5	dobj	_	_
7	in	in	_	IN	_	5	nmod	_	_
8	?	?	_	.	_	5	punct	_	_"	(ROOT (SBARQ (WHNP (WP What)) (SQ (VP (VBD did) (NP (DT the) (NNS birds) (NN bath)) (NP (PRP themselves)) (PP (IN in)))) (. ?)))	The bowl
Easy	blogs-04-5	blogs-04	Who also comes to drink out of it?	Story	"1	Who	who	_	WP	_	3	nsubj	_	_
2	also	also	_	RB	_	3	advmod	_	_
3	comes	come	_	VBZ	_	0	root	_	_
4	to	to	_	TO	_	5	mark	_	_
5	drink	drink	_	VB	_	3	xcomp	_	_
6	out	out	_	IN	_	8	case	_	_
7	of	of	_	IN	_	8	case	_	_
8	it	it	_	PRP	_	5	nmod	_	_
9	?	?	_	.	_	3	punct	_	_"	(ROOT (SBARQ (WHNP (WP Who)) (SQ (ADVP (RB also)) (VP (VBZ comes) (S (VP (TO to) (VP (VB drink) (PRT (IN out)) (PP (IN of) (NP (PRP it)))))))) (. ?)))	Squirrels
Easy	blogs-04-6	blogs-04	Who saw his one little paw hanging on?	Story	"1	Who	who	_	WP	_	2	nsubj	_	_
2	saw	see	_	VBD	_	0	root	_	_
3	his	he	_	PRP$	_	6	nmod:poss	_	_
4	one	one	_	CD	_	6	nummod	_	_
5	little	little	_	JJ	_	6	amod	_	_
6	paw	paw	_	NN	_	7	nsubj	_	_
7	hanging	hang	_	VBG	_	2	ccomp	_	_
8	on	on	_	IN	_	7	compound:prt	_	_
9	?	?	_	.	_	2	punct	_	_"	(ROOT (SBARQ (WHNP (WP Who)) (SQ (VP (VBD saw) (NP (PRP$ his) (CD one) (JJ little) (NN paw)) (S (VP (VBG hanging) (PP (IN on)))))) (. ?)))	I
Easy	blogs-04-7	blogs-04	What did I wish I had?	Story	"1	What	what	_	WP	_	4	dep	_	_
2	did	do	_	VBD	_	4	aux	_	_
3	I	I	_	PRP	_	4	nsubj	_	_
4	wish	wish	_	VBP	_	0	root	_	_
5	I	I	_	PRP	_	6	nsubj	_	_
6	had	have	_	VBD	_	4	ccomp	_	_
7	?	?	_	.	_	4	punct	_	_"	(ROOT (SBARQ (WHNP (WP What)) (SQ (VP (VBD did) (SBAR (S (NP (PRP I)) (VP (VBP wish) (SBAR (S (NP (PRP I)) (VP (VBD had))))))))) (. ?)))	a digital camera
Easy	blogs-04-8	blogs-04	Who drinks out of it and bathes in it?	Story	"1	Who	who	_	WP	_	2	nsubj	_	_
2	drinks	drink	_	VBZ	_	0	root	_	_
3	out	out	_	IN	_	5	case	_	_
4	of	of	_	IN	_	5	case	_	_
5	it	it	_	PRP	_	2	nmod	_	_
6	and	and	_	CC	_	2	cc	_	_
7	bathes	bathe	_	VBZ	_	2	conj	_	_
8	in	in	_	IN	_	9	case	_	_
9	it	it	_	PRP	_	7	nmod	_	_
10	?	?	_	.	_	2	punct	_	_"	(ROOT (SBARQ (WHNP (WP Who)) (SQ (VP (VP (VBZ drinks) (PRT (IN out)) (PP (IN of) (NP (PRP it)))) (CC and) (VP (VBZ bathes) (PP (IN in) (NP (PRP it)))))) (. ?)))	many birds
Easy	blogs-04-9	blogs-04	Where do the birds literally line up on?	Story	"1	Where	where	_	WRB	_	6	advmod	_	_
2	do	do	_	VBP	_	6	aux	_	_
3	the	the	_	DT	_	4	det	_	_
4	birds	bird	_	NNS	_	6	nsubj	_	_
5	literally	literally	_	RB	_	6	advmod	_	_
6	line	line	_	VBP	_	0	root	_	_
7	up	up	_	RP	_	6	compound:prt	_	_
8	on	on	_	IN	_	6	compound:prt	_	_
9	?	?	_	.	_	6	punct	_	_"	(ROOT (SBARQ (WHADVP (WRB Where)) (SQ (VBP do) (NP (DT the) (NNS birds)) (VP (ADVP (RB literally)) (VBP line) (ADVP (RP up)) (PP (IN on)))) (. ?)))	the railing | the railing and wait their turn
Medium	blogs-04-10	blogs-04	Where did the narrator place the bowl?	Sch	"1	Where	where	_	WRB	_	5	advmod	_	_
2	did	do	_	VBD	_	5	aux	_	_
3	the	the	_	DT	_	4	det	_	_
4	narrator	narrator	_	NN	_	5	nsubj	_	_
5	place	place	_	NN	_	0	root	_	_
6	the	the	_	DT	_	7	det	_	_
7	bowl	bowl	_	NN	_	5	dobj	_	_
8	?	?	_	.	_	5	punct	_	_"	(ROOT (SBARQ (WHADVP (WRB Where)) (SINV (VP (VBD did) (NP (DT the) (NN narrator) (NN place))) (NP (DT the) (NN bowl))) (. ?)))	on the deck
Medium	blogs-04-11	blogs-04	Where did the squirrel fall?	Sch	"1	Where	where	_	WRB	_	5	advmod	_	_
2	did	do	_	VBD	_	5	aux	_	_
3	the	the	_	DT	_	4	det	_	_
4	squirrel	squirrel	_	NN	_	5	nsubj	_	_
5	fall	fall	_	NN	_	0	root	_	_
6	?	?	_	.	_	5	punct	_	_"	(ROOT (SBARQ (WHADVP (WRB Where)) (SINV (VBD did) (NP (DT the) (NN squirrel) (NN fall))) (. ?)))	Over the deck's railing
Medium	blogs-04-12	blogs-04	Why did the narrator place the bowl on the deck?	Sch	"1	Why	why	_	WRB	_	5	advmod	_	_
2	did	do	_	VBD	_	5	aux	_	_
3	the	the	_	DT	_	4	det	_	_
4	narrator	narrator	_	NN	_	5	nsubj	_	_
5	place	place	_	NN	_	0	root	_	_
6	the	the	_	DT	_	7	det	_	_
7	bowl	bowl	_	NN	_	5	dobj	_	_
8	on	on	_	IN	_	10	case	_	_
9	the	the	_	DT	_	10	det	_	_
10	deck	deck	_	NN	_	7	nmod	_	_
11	?	?	_	.	_	5	punct	_	_"	(ROOT (SBARQ (WHADVP (WRB Why)) (SINV (VP (VBD did) (NP (DT the) (NN narrator) (NN place))) (NP (NP (DT the) (NN bowl)) (PP (IN on) (NP (DT the) (NN deck))))) (. ?)))	In order for Benjamin to drink the bowl's water.
Medium	blogs-04-13	blogs-04	Why did the birds organize themselves?	Sch	"1	Why	why	_	WRB	_	5	advmod	_	_
2	did	do	_	VBD	_	5	aux	_	_
3	the	the	_	DT	_	4	det	_	_
4	birds	bird	_	NNS	_	5	nsubj	_	_
5	organize	organize	_	VBP	_	0	root	_	_
6	themselves	themselves	_	PRP	_	5	dobj	_	_
7	?	?	_	.	_	5	punct	_	_"	(ROOT (SBARQ (WHADVP (WRB Why)) (SQ (VBD did) (NP (DT the) (NNS birds)) (VP (VBP organize) (NP (PRP themselves)))) (. ?)))	In order for the birds to wait
Medium	blogs-04-14	blogs-04	What did we keep outside on the back deck?	Story	"1	What	what	_	WP	_	4	dep	_	_
2	did	do	_	VBD	_	4	aux	_	_
3	we	we	_	PRP	_	4	nsubj	_	_
4	keep	keep	_	VB	_	0	root	_	_
5	outside	outside	_	JJ	_	4	xcomp	_	_
6	on	on	_	IN	_	9	case	_	_
7	the	the	_	DT	_	9	det	_	_
8	back	back	_	JJ	_	9	amod	_	_
9	deck	deck	_	NN	_	4	nmod	_	_
10	?	?	_	.	_	4	punct	_	_"	(ROOT (SBARQ (WHNP (WP What)) (SQ (VBD did) (NP (PRP we)) (VP (VB keep) (ADVP (JJ outside)) (PP (IN on) (NP (DT the) (JJ back) (NN deck))))) (. ?)))	A large stainless steel bowl of water
Easy	fables-03-1	fables-03	Who is the story about?	Story	"1	Who	who	_	WP	_	0	root	_	_
2	is	be	_	VBZ	_	1	cop	_	_
3	the	the	_	DT	_	4	det	_	_
4	story	story	_	NN	_	1	nsubj	_	_
5	about	about	_	IN	_	4	nmod	_	_
6	?	?	_	.	_	1	punct	_	_"	(ROOT (SBARQ (WHNP (WP Who)) (SQ (VBZ is) (NP (DT the) (NN story)) (ADJP (IN about))) (. ?)))	a lion and a bull
Easy	fables-03-2	fables-03	Who swooped down upon a Serpant?	Story	"1	Who	who	_	WP	_	2	nsubj	_	_
2	swooped	swoop	_	VBD	_	0	root	_	_
3	down	down	_	RP	_	2	compound:prt	_	_
4	upon	upon	_	IN	_	6	case	_	_
5	a	a	_	DT	_	6	det	_	_
6	Serpant	Serpant	_	NNP	_	2	nmod	_	_
7	?	?	_	.	_	2	punct	_	_"	(ROOT (SBARQ (WHNP (WP Who)) (SQ (VP (VBD swooped) (PRT (RP down)) (PP (IN upon) (NP (DT a) (NNP Serpant))))) (. ?)))	an eagle
Easy	fables-03-3	fables-03	What did the Eagle seize it with?	Story	"1	What	what	_	WP	_	5	dobj	_	_
2	did	do	_	VBD	_	5	aux	_	_
3	the	the	_	DT	_	4	det	_	_
4	Eagle	Eagle	_	NNP	_	5	nsubj	_	_
5	seize	seize	_	VB	_	0	root	_	_
6	it	it	_	PRP	_	5	dobj	_	_
7	with	with	_	IN	_	5	nmod	_	_
8	?	?	_	.	_	5	punct	_	_"	(ROOT (SBARQ (WHNP (WP What)) (SQ (VBD did) (NP (DT the) (NNP Eagle)) (VP (VB seize) (NP (PRP it)) (PP (IN with)))) (. ?)))	his talons
Easy	fables-03-4	fables-03	Who came to the assistance of the Eagle?	Story	"1	Who	who	_	WP	_	2	nsubj	_	_
2	came	come	_	VBD	_	0	root	_	_
3	to	to	_	TO	_	5	case	_	_
4	the	the	_	DT	_	5	det	_	_
5	assistance	assistance	_	NN	_	2	nmod	_	_
6	of	of	_	IN	_	8	case	_	_
7	the	the	_	DT	_	8	det	_	_
8	Eagle	Eagle	_	NNP	_	5	nmod	_	_
9	?	?	_	.	_	2	punct	_	_"	(ROOT (SBARQ (WHNP (WP Who)) (SQ (VP (VBD came) (PP (TO to) (NP (NP (DT the) (NN assistance)) (PP (IN of) (NP (DT the) (NNP Eagle))))))) (. ?)))	a countryman
Easy	fables-03-5	fables-03	What did the Serpent spit?	Story | Sch	"1	What	what	_	WP	_	0	root	_	_
2	did	do	_	VBD	_	1	root	_	_
3	the	the	_	DT	_	5	det	_	_
4	Serpent	Serpent	_	NNP	_	5	compound	_	_
5	spit	spit	_	NN	_	2	nsubj	_	_
6	?	?	_	.	_	2	punct	_	_"	(ROOT (SBARQ (WHNP (WP What)) (SQ (VP (VBD did) (NP (DT the) (NNP Serpent) (NN spit)))) (. ?)))	some poison | some of his poison
Easy	fables-03-6	fables-03	Where did the Serpent spit some poison?	Story | Sch	"1	Where	where	_	WRB	_	5	advmod	_	_
2	did	do	_	VBD	_	5	aux	_	_
3	the	the	_	DT	_	4	det	_	_
4	Serpent	Serpent	_	NNP	_	5	nsubj	_	_
5	spit	spit	_	VB	_	0	root	_	_
6	some	some	_	DT	_	7	det	_	_
7	poison	poison	_	NN	_	5	dobj	_	_
8	?	?	_	.	_	5	punct	_	_"	(ROOT (SBARQ (WHADVP (WRB Where)) (SQ (VBD did) (NP (DT the) (NNP Serpent)) (VP (VB spit) (NP (DT some) (NN poison)))) (. ?)))	into the man's drinking-horn | in the drinking vessel of the countryman
Easy	fables-03-7	fables-03	What did the countryman decide?	Sch	"1	What	what	_	WP	_	5	dobj	_	_
2	did	do	_	VBD	_	5	aux	_	_
3	the	the	_	DT	_	4	det	_	_
4	countryman	countryman	_	NN	_	5	nsubj	_	_
5	decide	decide	_	VB	_	0	root	_	_
6	?	?	_	.	_	5	punct	_	_"	(ROOT (SBARQ (WHNP (WP What)) (SQ (VBD did) (NP (DT the) (NN countryman)) (VP (VB decide))) (. ?)))	to sip from the drinking vessel
Easy	fables-03-8	fables-03	Who spilled the drinking vessel?	Sch	"1	Who	who	_	WP	_	2	nsubj	_	_
2	spilled	spill	_	VBD	_	0	root	_	_
3	the	the	_	DT	_	5	det	_	_
4	drinking	drinking	_	NN	_	5	compound	_	_
5	vessel	vessel	_	NN	_	2	dobj	_	_
6	?	?	_	.	_	2	punct	_	_"	(ROOT (SBARQ (WHNP (WP Who)) (SQ (VP (VBD spilled) (NP (DT the) (NN drinking) (NN vessel)))) (. ?)))	the eagle
Easy	fables-03-9	fables-03	What did the eagle spill?	Sch	"1	What	what	_	WP	_	0	root	_	_
2	did	do	_	VBD	_	1	nsubj	_	_
3	the	the	_	DT	_	5	det	_	_
4	eagle	eagle	_	NN	_	5	compound	_	_
5	spill	spill	_	NN	_	2	dobj	_	_
6	?	?	_	.	_	1	punct	_	_"	(ROOT (SBARQ (WHNP (WP What)) (SQ (VP (VBD did) (NP (DT the) (NN eagle) (NN spill)))) (. ?)))	the drinking vessel
Easy	fables-03-10	fables-03	Where where the contents of the horn spilled?	Story	"1	Where	where	_	WRB	_	8	advmod	_	_
2	where	where	_	WRB	_	8	advmod	_	_
3	the	the	_	DT	_	4	det	_	_
4	contents	contents	_	NNS	_	8	nsubj	_	_
5	of	of	_	IN	_	7	case	_	_
6	the	the	_	DT	_	7	det	_	_
7	horn	horn	_	NN	_	4	nmod	_	_
8	spilled	spill	_	VBN	_	0	root	_	_
9	?	?	_	.	_	8	punct	_	_"	(ROOT (FRAG (SBAR (WHADVP (WRB Where) (WRB where)) (S (NP (NP (DT the) (NNS contents)) (PP (IN of) (NP (DT the) (NN horn)))) (VP (VBN spilled)))) (. ?)))	the ground
Easy	fables-03-11	fables-03	What was heated?	Story	"1	What	what	_	WP	_	3	nsubjpass	_	_
2	was	be	_	VBD	_	3	auxpass	_	_
3	heated	heat	_	VBN	_	0	root	_	_
4	?	?	_	.	_	3	punct	_	_"	(ROOT (SBARQ (WHNP (WP What)) (SQ (VBD was) (VP (VBN heated))) (. ?)))	his exertions
Easy	fables-03-12	fables-03	What did the Serpent do in revenge?	Story	"1	What	what	_	WP	_	5	dobj	_	_
2	did	do	_	VBD	_	5	aux	_	_
3	the	the	_	DT	_	4	det	_	_
4	Serpent	Serpent	_	NNP	_	5	nsubj	_	_
5	do	do	_	VBP	_	0	root	_	_
6	in	in	_	IN	_	7	case	_	_
7	revenge	revenge	_	NN	_	5	nmod	_	_
8	?	?	_	.	_	5	punct	_	_"	(ROOT (SBARQ (WHNP (WP What)) (SQ (VBD did) (NP (DT the) (NNP Serpent)) (VP (VBP do) (PP (IN in) (NP (NN revenge))))) (. ?)))	spat some of his poison into the man's drinking-horn
Medium	fables-03-13	fables-03	Who seized it?	Story	"1	Who	who	_	WP	_	2	nsubj	_	_
2	seized	seize	_	VBD	_	0	root	_	_
3	it	it	_	PRP	_	2	dobj	_	_
4	?	?	_	.	_	2	punct	_	_"	(ROOT (SBARQ (WHNP (WP Who)) (SQ (VP (VBD seized) (NP (PRP it)))) (. ?)))	an Eagle
Medium	fables-03-14	fables-03	Who had its coils around him?	Story | Sch	"1	Who	who	_	WP	_	2	nsubj	_	_
2	had	have	_	VBD	_	0	root	_	_
3	its	its	_	PRP$	_	4	nmod:poss	_	_
4	coils	coil	_	NNS	_	2	dobj	_	_
5	around	around	_	IN	_	6	case	_	_
6	him	he	_	PRP	_	2	nmod	_	_
7	?	?	_	.	_	2	punct	_	_"	(ROOT (SBARQ (WHNP (WP Who)) (SQ (VP (VBD had) (NP (PRP$ its) (NNS coils)) (PP (IN around) (NP (PRP him))))) (. ?)))	The serpent
Medium	fables-03-15	fables-03	Who was a witness of the encounter?	Story	"1	Who	who	_	WP	_	0	root	_	_
2	was	be	_	VBD	_	1	cop	_	_
3	a	a	_	DT	_	4	det	_	_
4	witness	witness	_	NN	_	1	nsubj	_	_
5	of	of	_	IN	_	7	case	_	_
6	the	the	_	DT	_	7	det	_	_
7	encounter	encounter	_	NN	_	4	nmod	_	_
8	?	?	_	.	_	1	punct	_	_"	(ROOT (SBARQ (WHNP (WP Who)) (SQ (VBD was) (NP (NP (DT a) (NN witness)) (PP (IN of) (NP (DT the) (NN encounter))))) (. ?)))	a countryman
Medium	fables-03-16	fables-03	Who came to the assistance of the Eagle?	Story	"1	Who	who	_	WP	_	2	nsubj	_	_
2	came	come	_	VBD	_	0	root	_	_
3	to	to	_	TO	_	5	case	_	_
4	the	the	_	DT	_	5	det	_	_
5	assistance	assistance	_	NN	_	2	nmod	_	_
6	of	of	_	IN	_	8	case	_	_
7	the	the	_	DT	_	8	det	_	_
8	Eagle	Eagle	_	NNP	_	5	nmod	_	_
9	?	?	_	.	_	2	punct	_	_"	(ROOT (SBARQ (WHNP (WP Who)) (SQ (VP (VBD came) (PP (TO to) (NP (NP (DT the) (NN assistance)) (PP (IN of) (NP (DT the) (NNP Eagle))))))) (. ?)))	a countryman
Medium	fables-03-17	fables-03	What did the countryman own?	Sch	"1	What	what	_	WP	_	5	dobj	_	_
2	did	do	_	VBD	_	5	aux	_	_
3	the	the	_	DT	_	4	det	_	_
4	countryman	countryman	_	NN	_	5	nsubj	_	_
5	own	own	_	VB	_	0	root	_	_
6	?	?	_	.	_	5	punct	_	_"	(ROOT (SBARQ (WHNP (WP What)) (SQ (VBD did) (NP (DT the) (NN countryman)) (VP (VB own))) (. ?)))	a drinking vessel
Medium	fables-03-18	fables-03	Who succeeded in freeing him?	Story	"1	Who	who	_	WP	_	2	nsubj	_	_
2	succeeded	succeed	_	VBD	_	0	root	_	_
3	in	in	_	IN	_	4	mark	_	_
4	freeing	free	_	VBG	_	2	advcl	_	_
5	him	he	_	PRP	_	4	dobj	_	_
6	?	?	_	.	_	2	punct	_	_"	(ROOT (SBARQ (WHNP (WP Who)) (SQ (VP (VBD succeeded) (PP (IN in) (S (VP (VBG freeing) (NP (PRP him))))))) (. ?)))	a countryman
Medium	fables-03-19	fables-03	What did the countryman free the eagle from?	Sch	"1	What	what	_	WP	_	5	dep	_	_
2	did	do	_	VBD	_	5	aux	_	_
3	the	the	_	DT	_	4	det	_	_
4	countryman	countryman	_	NN	_	5	nsubj	_	_
5	free	free	_	JJ	_	0	root	_	_
6	the	the	_	DT	_	7	det	_	_
7	eagle	eagle	_	NN	_	5	dobj	_	_
8	from	from	_	IN	_	5	nmod	_	_
9	?	?	_	.	_	5	punct	_	_"	(ROOT (SBARQ (WHNP (WP What)) (SQ (VP (VBD did) (NP (DT the) (NN countryman)) (ADVP (JJ free) (NP (DT the) (NN eagle))) (PP (IN from)))) (. ?)))	the serpent
Medium	fables-03-20	fables-03	What did the Serpent spat?	Sch | Story	"1	What	what	_	WP	_	0	root	_	_
2	did	do	_	VBD	_	1	root	_	_
3	the	the	_	DT	_	5	det	_	_
4	Serpent	Serpent	_	NNP	_	5	compound	_	_
5	spat	spat	_	NN	_	2	nsubj	_	_
6	?	?	_	.	_	2	punct	_	_"	(ROOT (SBARQ (WHNP (WP What)) (SQ (VP (VBD did) (NP (DT the) (NNP Serpent) (NN spat)))) (. ?)))	some poison | some of his poison
Medium	fables-03-21	fables-03	Who spilled its contents?	Story	"1	Who	who	_	WP	_	2	nsubj	_	_
2	spilled	spill	_	VBD	_	0	root	_	_
3	its	its	_	PRP$	_	4	nmod:poss	_	_
4	contents	contents	_	NNS	_	2	dobj	_	_
5	?	?	_	.	_	2	punct	_	_"	(ROOT (SBARQ (WHNP (WP Who)) (SQ (VP (VBD spilled) (NP (PRP$ its) (NNS contents)))) (. ?)))	the eagle
Easy	mc500.train.0.1	mc500.train.0	Why did Alyssa go to Miami?	Story	"1	Why	why	_	WRB	_	4	advmod	_	_
2	did	do	_	VBD	_	4	aux	_	_
3	Alyssa	Alyssa	_	NNP	_	4	nsubj	_	_
4	go	go	_	VB	_	0	root	_	_
5	to	to	_	TO	_	6	case	_	_
6	Miami	Miami	_	NNP	_	4	nmod	_	_
7	?	?	_	.	_	4	punct	_	_"	(ROOT (SBARQ (WHADVP (WRB Why)) (SQ (VBD did) (NP (NNP Alyssa)) (VP (VB go) (PP (TO to) (NP (NNP Miami))))) (. ?)))	visit friends
Easy	mc500.train.0.2	mc500.train.0	What did Ellen order?	Story	"1	What	what	_	WP	_	4	dobj	_	_
2	did	do	_	VBD	_	4	aux	_	_
3	Ellen	Ellen	_	NNP	_	4	nsubj	_	_
4	order	order	_	VB	_	0	root	_	_
5	?	?	_	.	_	4	punct	_	_"	(ROOT (SBARQ (WHNP (WP What)) (SQ (VBD did) (NP (NNP Ellen)) (VP (VB order))) (. ?)))	a salad
Easy	mc500.train.0.3	mc500.train.0	who had soup?	Story	"1	who	who	_	WP	_	2	nsubj	_	_
2	had	have	_	VBD	_	0	root	_	_
3	soup	soup	_	NN	_	2	dobj	_	_
4	?	?	_	.	_	2	punct	_	_"	(ROOT (SBARQ (WHNP (WP who)) (SQ (VP (VBD had) (NP (NN soup)))) (. ?)))	Kristin
Easy	mc500.train.0.4	mc500.train.0	where did Alyssa travel from?	Story	"1	where	where	_	WRB	_	4	advmod	_	_
2	did	do	_	VBD	_	4	aux	_	_
3	Alyssa	Alyssa	_	NNP	_	4	nsubj	_	_
4	travel	travel	_	VB	_	0	root	_	_
5	from	from	_	IN	_	4	nmod	_	_
6	?	?	_	.	_	4	punct	_	_"	(ROOT (SBARQ (WHADVP (WRB where)) (SQ (VBD did) (NP (NNP Alyssa)) (VP (VB travel) (PP (IN from)))) (. ?)))	Atlanta
Easy	mc500.train.0.5	mc500.train.0	What makes Alyssa happy?	Story	"1	What	what	_	WP	_	2	nsubj	_	_
2	makes	make	_	VBZ	_	0	root	_	_
3	Alyssa	Alyssa	_	NNP	_	4	nsubj	_	_
4	happy	happy	_	JJ	_	2	xcomp	_	_
5	?	?	_	.	_	2	punct	_	_"	(ROOT (SBARQ (WHNP (WP What)) (SQ (VP (VBZ makes) (S (NP (NNP Alyssa)) (ADJP (JJ happy))))) (. ?)))	spend time with her friends
Easy	mc500.train.0.6	mc500.train.0	Why did they stay the night?	Story	"1	Why	why	_	WRB	_	4	advmod	_	_
2	did	do	_	VBD	_	4	aux	_	_
3	they	they	_	PRP	_	4	nsubj	_	_
4	stay	stay	_	VBP	_	0	root	_	_
5	the	the	_	DT	_	6	det	_	_
6	night	night	_	NN	_	4	dobj	_	_
7	?	?	_	.	_	4	punct	_	_"	(ROOT (SBARQ (WHADVP (WRB Why)) (SQ (VBD did) (NP (PRP they)) (VP (VBP stay) (NP-TMP (DT the) (NN night)))) (. ?)))	they were tired.
Easy	mc500.train.0.7	mc500.train.0	Who traded stories?	Story	"1	Who	who	_	WP	_	2	nsubj	_	_
2	traded	trade	_	VBD	_	0	root	_	_
3	stories	story	_	NNS	_	2	dobj	_	_
4	?	?	_	.	_	2	punct	_	_"	(ROOT (SBARQ (WHNP (WP Who)) (SQ (VP (VBD traded) (NP (NNS stories)))) (. ?)))	the girls
Easy	mc500.train.0.8	mc500.train.0	Who went to the beach?	Story	"1	Who	who	_	WP	_	2	nsubj	_	_
2	went	go	_	VBD	_	0	root	_	_
3	to	to	_	TO	_	5	case	_	_
4	the	the	_	DT	_	5	det	_	_
5	beach	beach	_	NN	_	2	nmod	_	_
6	?	?	_	.	_	2	punct	_	_"	(ROOT (SBARQ (WHNP (WP Who)) (SQ (VP (VBD went) (PP (TO to) (NP (DT the) (NN beach))))) (. ?)))	Alyssa
Easy	mc500.train.0.9	mc500.train.0	What was the restaurant's special?	Story	"1	What	what	_	WP	_	0	root	_	_
2	was	be	_	VBD	_	1	cop	_	_
3	the	the	_	DT	_	4	det	_	_
4	restaurant	restaurant	_	NN	_	1	nsubj	_	_
5	's	's	_	POS	_	4	case	_	_
6	special	special	_	JJ	_	4	amod	_	_
7	?	?	_	.	_	1	punct	_	_"	(ROOT (SBARQ (WHNP (WP What)) (SQ (VBD was) (NP (NP (DT the) (NN restaurant) (POS 's)) (NP (JJ special)))) (. ?)))	catfish
Easy	mc500.train.0.10	mc500.train.0	What did Kristin have to eat?	Story	"1	What	what	_	WP	_	4	dep	_	_
2	did	do	_	VBD	_	4	aux	_	_
3	Kristin	Kristin	_	NNP	_	4	nsubj	_	_
4	have	have	_	VB	_	0	root	_	_
5	to	to	_	TO	_	6	mark	_	_
6	eat	eat	_	VB	_	4	xcomp	_	_
7	?	?	_	.	_	4	punct	_	_"	(ROOT (SBARQ (WHNP (WP What)) (SQ (VBD did) (NP (NNP Kristin)) (VP (VB have) (S (VP (TO to) (VP (VB eat)))))) (. ?)))	soup
Easy	mc500.train.0.11	mc500.train.0	Where did the girls go for dinner?	Story	"1	Where	where	_	WRB	_	5	advmod	_	_
2	did	do	_	VBD	_	5	aux	_	_
3	the	the	_	DT	_	4	det	_	_
4	girls	girl	_	NNS	_	5	nsubj	_	_
5	go	go	_	VB	_	0	root	_	_
6	for	for	_	IN	_	7	case	_	_
7	dinner	dinner	_	NN	_	5	nmod	_	_
8	?	?	_	.	_	5	punct	_	_"	(ROOT (SBARQ (WHADVP (WRB Where)) (SQ (VBD did) (NP (DT the) (NNS girls)) (VP (VB go) (PP (IN for) (NP (NN dinner))))) (. ?)))	a restaurant
Easy	mc500.train.0.12	mc500.train.0	Where did Alyssa meet her friends?	Story	"1	Where	where	_	WRB	_	4	advmod	_	_
2	did	do	_	VBD	_	4	aux	_	_
3	Alyssa	Alyssa	_	NNP	_	4	nsubj	_	_
4	meet	meet	_	VB	_	0	root	_	_
5	her	she	_	PRP$	_	6	nmod:poss	_	_
6	friends	friend	_	NNS	_	4	dobj	_	_
7	?	?	_	.	_	4	punct	_	_"	(ROOT (SBARQ (WHADVP (WRB Where)) (SQ (VBD did) (NP (NNP Alyssa)) (VP (VB meet) (NP (PRP$ her) (NNS friends)))) (. ?)))	Ellen's house
Medium	mc500.train.0.13	mc500.train.0	What did Ellen and Alyssa have to drink?	Story	"1	What	what	_	WP	_	6	dep	_	_
2	did	do	_	VBD	_	6	aux	_	_
3	Ellen	Ellen	_	NNP	_	6	nsubj	_	_
4	and	and	_	CC	_	3	cc	_	_
5	Alyssa	Alyssa	_	NNP	_	3	conj	_	_
6	have	have	_	VBP	_	0	root	_	_
7	to	to	_	TO	_	8	mark	_	_
8	drink	drink	_	VB	_	6	xcomp	_	_
9	?	?	_	.	_	6	punct	_	_"	(ROOT (SBARQ (WHNP (WP What)) (SQ (VBD did) (NP (NNP Ellen) (CC and) (NNP Alyssa)) (VP (VBP have) (S (VP (TO to) (VP (VB drink)))))) (. ?)))	some lemonade
Medium	mc500.train.0.14	mc500.train.0	What did the ladies do after dinner?	Story	"1	What	what	_	WP	_	5	dobj	_	_
2	did	do	_	VBD	_	5	aux	_	_
3	the	the	_	DT	_	4	det	_	_
4	ladies	lady	_	NNS	_	5	nsubj	_	_
5	do	do	_	VBP	_	0	root	_	_
6	after	after	_	IN	_	7	case	_	_
7	dinner	dinner	_	NN	_	5	nmod	_	_
8	?	?	_	.	_	5	punct	_	_"	(ROOT (SBARQ (WHNP (WP What)) (SQ (VBD did) (NP (DT the) (NNS ladies)) (VP (VBP do) (PP (IN after) (NP (NN dinner))))) (. ?)))	go back to Ellen's house | go back to Ellen's house to have fun
Medium	mc500.train.0.15	mc500.train.0	Did Alyssa and her friends have a good time?	Story	"1	Did	do	_	VBD	_	6	aux	_	_
2	Alyssa	Alyssa	_	NNP	_	6	nsubj	_	_
3	and	and	_	CC	_	2	cc	_	_
4	her	she	_	PRP$	_	5	nmod:poss	_	_
5	friends	friend	_	NNS	_	2	conj	_	_
6	have	have	_	VBP	_	0	root	_	_
7	a	a	_	DT	_	9	det	_	_
8	good	good	_	JJ	_	9	amod	_	_
9	time	time	_	NN	_	6	dobj	_	_
10	?	?	_	.	_	6	punct	_	_"	(ROOT (S (VP (VBD Did) (SBAR (S (NP (NP (NNP Alyssa)) (CC and) (NP (PRP$ her) (NNS friends))) (VP (VBP have) (NP (DT a) (JJ good) (NN time)))))) (. ?)))	yes
Medium	mc500.train.0.16	mc500.train.0	Did Alyssa go swimming?	Story	"1	Did	do	_	VBD	_	3	aux	_	_
2	Alyssa	Alyssa	_	NNP	_	3	nsubj	_	_
3	go	go	_	VB	_	0	root	_	_
4	swimming	swim	_	VBG	_	3	xcomp	_	_
5	?	?	_	.	_	3	punct	_	_"	(ROOT (SQ (VBD Did) (NP (NNP Alyssa)) (VP (VB go) (NP (VBG swimming))) (. ?)))	yes
Easy	mc500.train.23.1	mc500.train.23	When was Andrew bored?	Story	"1	When	when	_	WRB	_	4	advmod	_	_
2	was	be	_	VBD	_	4	auxpass	_	_
3	Andrew	Andrew	_	NNP	_	4	nsubjpass	_	_
4	bored	bore	_	VBN	_	0	root	_	_
5	?	?	_	.	_	4	punct	_	_"	(ROOT (SBARQ (WHADVP (WRB When)) (SQ (VBD was) (NP (NNP Andrew)) (VP (VBN bored))) (. ?)))	Saturday afternoon
Easy	mc500.train.23.2	mc500.train.23	What day was it?	Story	"1	What	what	_	WDT	_	2	det	_	_
2	day	day	_	NN	_	3	nsubj	_	_
3	was	be	_	VBD	_	0	root	_	_
4	it	it	_	PRP	_	3	nsubj	_	_
5	?	?	_	.	_	3	punct	_	_"	(ROOT (SBARQ (WHNP (WDT What) (NN day)) (SQ (VBD was) (NP (PRP it))) (. ?)))	Saturday
Easy	mc500.train.23.3	mc500.train.23	Where did Andrew look?	Story	"1	Where	where	_	WRB	_	4	advmod	_	_
2	did	do	_	VBD	_	4	aux	_	_
3	Andrew	Andrew	_	NNP	_	4	nsubj	_	_
4	look	look	_	VB	_	0	root	_	_
5	?	?	_	.	_	4	punct	_	_"	(ROOT (SBARQ (WHADVP (WRB Where)) (SQ (VBD did) (NP (NNP Andrew)) (VP (VB look))) (. ?)))	outside the window
Easy	mc500.train.23.4	mc500.train.23	what did Andrew see by the door?	Story	"1	what	what	_	WP	_	4	dobj	_	_
2	did	do	_	VBD	_	4	aux	_	_
3	Andrew	Andrew	_	NNP	_	4	nsubj	_	_
4	see	see	_	VB	_	0	root	_	_
5	by	by	_	IN	_	7	case	_	_
6	the	the	_	DT	_	7	det	_	_
7	door	door	_	NN	_	4	nmod	_	_
8	?	?	_	.	_	4	punct	_	_"	(ROOT (SBARQ (WHNP (WP what)) (SQ (VBD did) (NP (NNP Andrew)) (VP (VB see) (PP (IN by) (NP (DT the) (NN door))))) (. ?)))	the newspaper
Easy	mc500.train.23.5	mc500.train.23	Where was the picture of the elephant?	Story	"1	Where	where	_	WRB	_	2	advmod	_	_
2	was	be	_	VBD	_	0	root	_	_
3	the	the	_	DT	_	4	det	_	_
4	picture	picture	_	NN	_	2	nsubj	_	_
5	of	of	_	IN	_	7	case	_	_
6	the	the	_	DT	_	7	det	_	_
7	elephant	elephant	_	NN	_	4	nmod	_	_
8	?	?	_	.	_	2	punct	_	_"	(ROOT (SBARQ (WHADVP (WRB Where)) (SQ (VBD was) (NP (NP (DT the) (NN picture)) (PP (IN of) (NP (DT the) (NN elephant))))) (. ?)))	on the front
Easy	mc500.train.23.6	mc500.train.23	How long had Andrew been watching TV?	Story	"1	How	how	_	WRB	_	2	advmod	_	_
2	long	long	_	RB	_	6	advmod	_	_
3	had	have	_	VBD	_	6	aux	_	_
4	Andrew	Andrew	_	NNP	_	6	nsubj	_	_
5	been	be	_	VBN	_	6	aux	_	_
6	watching	watch	_	VBG	_	0	root	_	_
7	TV	tv	_	NN	_	6	dobj	_	_
8	?	?	_	.	_	6	punct	_	_"	(ROOT (SBARQ (WHADJP (WRB How) (RB long)) (SQ (VBD had) (NP (NNP Andrew)) (VP (VBN been) (VP (VBG watching) (NP (NN TV))))) (. ?)))	all day
Easy	mc500.train.23.7	mc500.train.23	What did Andrew and his dad read?	Story	"1	What	what	_	WP	_	7	dobj	_	_
2	did	do	_	VBD	_	7	aux	_	_
3	Andrew	Andrew	_	NNP	_	7	nsubj	_	_
4	and	and	_	CC	_	3	cc	_	_
5	his	he	_	PRP$	_	6	nmod:poss	_	_
6	dad	dad	_	NN	_	3	conj	_	_
7	read	read	_	VB	_	0	root	_	_
8	?	?	_	.	_	7	punct	_	_"	(ROOT (SBARQ (WHNP (WP What)) (SQ (VBD did) (NP (NP (NNP Andrew)) (CC and) (NP (PRP$ his) (NN dad))) (VP (VB read))) (. ?)))	the story
Easy	mc500.train.23.8	mc500.train.23	Where was the circus?	Story	"1	Where	where	_	WRB	_	2	advmod	_	_
2	was	be	_	VBD	_	0	root	_	_
3	the	the	_	DT	_	4	det	_	_
4	circus	circus	_	NN	_	2	nsubj	_	_
5	?	?	_	.	_	2	punct	_	_"	(ROOT (SBARQ (WHADVP (WRB Where)) (SQ (VBD was) (NP (DT the) (NN circus))) (. ?)))	in town
Easy	mc500.train.23.9	mc500.train.23	Had Andrew ever been to the circus?	Story	"1	Had	have	_	VBD	_	7	aux	_	_
2	Andrew	Andrew	_	NNP	_	7	nsubj	_	_
3	ever	ever	_	RB	_	7	advmod	_	_
4	been	be	_	VBN	_	7	cop	_	_
5	to	to	_	TO	_	7	case	_	_
6	the	the	_	DT	_	7	det	_	_
7	circus	circus	_	NN	_	0	root	_	_
8	?	?	_	.	_	7	punct	_	_"	(ROOT (SINV (VBD Had) (NP (NP (NNP Andrew)) (ADVP (RB ever))) (VP (VBN been) (PP (TO to) (NP (DT the) (NN circus))) (. ?))))	no
Easy	mc500.train.23.10	mc500.train.23	What did Andrew feed the goldfish?	Story	"1	What	what	_	WP	_	4	dep	_	_
2	did	do	_	VBD	_	4	aux	_	_
3	Andrew	Andrew	_	NNP	_	4	nsubj	_	_
4	feed	feed	_	VB	_	0	root	_	_
5	the	the	_	DT	_	6	det	_	_
6	goldfish	goldfish	_	NN	_	4	dobj	_	_
7	?	?	_	.	_	4	punct	_	_"	(ROOT (SBARQ (WHNP (WP What)) (SQ (VBD did) (NP (NNP Andrew)) (VP (VB feed) (NP (DT the) (NN goldfish)))) (. ?)))	goldfish food | some goldfish food
Easy	mc500.train.23.11	mc500.train.23	Who did lots of tricks?	Story	"1	Who	who	_	WP	_	2	nsubj	_	_
2	did	do	_	VBD	_	0	root	_	_
3	lots	lot	_	NNS	_	2	dobj	_	_
4	of	of	_	IN	_	5	case	_	_
5	tricks	trick	_	NNS	_	3	nmod	_	_
6	?	?	_	.	_	2	punct	_	_"	(ROOT (SBARQ (WHNP (WP Who)) (SQ (VP (VBD did) (NP (NP (NNS lots)) (PP (IN of) (NP (NNS tricks)))))) (. ?)))	The people and animals at the circus | The people and animals
Easy	mc500.train.23.12	mc500.train.23	What did Andrew and his dad eat?	Story	"1	What	what	_	WP	_	7	dobj	_	_
2	did	do	_	VBD	_	7	aux	_	_
3	Andrew	Andrew	_	NNP	_	7	nsubj	_	_
4	and	and	_	CC	_	3	cc	_	_
5	his	he	_	PRP$	_	6	nmod:poss	_	_
6	dad	dad	_	NN	_	3	conj	_	_
7	eat	eat	_	VB	_	0	root	_	_
8	?	?	_	.	_	7	punct	_	_"	(ROOT (SBARQ (WHNP (WP What)) (SQ (VBD did) (NP (NP (NNP Andrew)) (CC and) (NP (PRP$ his) (NN dad))) (VP (VB eat))) (. ?)))	lots of peanuts | peanuts
Easy	mc500.train.23.13	mc500.train.23	Where did Andrew and his dad have fun?	Story	"1	Where	where	_	WRB	_	7	advmod	_	_
2	did	do	_	VBD	_	7	aux	_	_
3	Andrew	Andrew	_	NNP	_	7	nsubj	_	_
4	and	and	_	CC	_	3	cc	_	_
5	his	he	_	PRP$	_	6	nmod:poss	_	_
6	dad	dad	_	NN	_	3	conj	_	_
7	have	have	_	VBP	_	0	root	_	_
8	fun	fun	_	NN	_	7	dobj	_	_
9	?	?	_	.	_	7	punct	_	_"	(ROOT (SBARQ (WHADVP (WRB Where)) (SQ (VP (VBD did) (SBAR (S (NP (NP (NNP Andrew)) (CC and) (NP (PRP$ his) (NN dad))) (VP (VBP have) (NP (NN fun))))))) (. ?)))	at the circus | the circus
Easy	mc500.train.23.14	mc500.train.23	Where did Andrew and his dad go?	Story	"1	Where	where	_	WRB	_	7	advmod	_	_
2	did	do	_	VBD	_	7	aux	_	_
3	Andrew	Andrew	_	NNP	_	7	nsubj	_	_
4	and	and	_	CC	_	3	cc	_	_
5	his	he	_	PRP$	_	6	nmod:poss	_	_
6	dad	dad	_	NN	_	3	conj	_	_
7	go	go	_	VB	_	0	root	_	_
8	?	?	_	.	_	7	punct	_	_"	(ROOT (SBARQ (WHADVP (WRB Where)) (SQ (VBD did) (NP (NP (NNP Andrew)) (CC and) (NP (PRP$ his) (NN dad))) (VP (VB go))) (. ?)))	the circus 
Easy	mc500.train.23.15	mc500.train.23	Which character in the story went down the slide?	Story	"1	Which	which	_	WDT	_	2	det	_	_
2	character	character	_	NN	_	6	nsubj	_	_
3	in	in	_	IN	_	5	case	_	_
4	the	the	_	DT	_	5	det	_	_
5	story	story	_	NN	_	2	nmod	_	_
6	went	go	_	VBD	_	0	root	_	_
7	down	down	_	IN	_	9	case	_	_
8	the	the	_	DT	_	9	det	_	_
9	slide	slide	_	NN	_	6	nmod	_	_
10	?	?	_	.	_	6	punct	_	_"	(ROOT (SBARQ (WHNP (WHNP (WDT Which) (NN character)) (PP (IN in) (NP (DT the) (NN story)))) (SQ (VP (VBD went) (ADVP (IN down) (NP (DT the) (NN slide))))) (. ?)))	the elephant
Medium	mc500.train.23.16	mc500.train.23	What  did Andrew's dad say about the newspaper?	Story	"1	What	what	_	WP	_	6	dobj	_	_
2	did	do	_	VBD	_	6	aux	_	_
3	Andrew	Andrew	_	NNP	_	5	nmod:poss	_	_
4	's	's	_	POS	_	3	case	_	_
5	dad	dad	_	NN	_	6	nsubj	_	_
6	say	say	_	VBP	_	0	root	_	_
7	about	about	_	IN	_	9	case	_	_
8	the	the	_	DT	_	9	det	_	_
9	newspaper	newspaper	_	NN	_	6	nmod	_	_
10	?	?	_	.	_	6	punct	_	_"	(ROOT (SBARQ (WHNP (WP What)) (SQ (VP (VBD did) (SBAR (S (NP (NP (NNP Andrew) (POS 's)) (NN dad)) (VP (VBP say) (PP (IN about) (NP (DT the) (NN newspaper)))))))) (. ?)))	“I think the newspaper is here. Maybe we can find an idea in the newspaper”
Medium	mc500.train.23.17	mc500.train.23	Where was the newspaper?	Story	"1	Where	where	_	WRB	_	2	advmod	_	_
2	was	be	_	VBD	_	0	root	_	_
3	the	the	_	DT	_	4	det	_	_
4	newspaper	newspaper	_	NN	_	2	nsubj	_	_
5	?	?	_	.	_	2	punct	_	_"	(ROOT (SBARQ (WHADVP (WRB Where)) (SQ (VBD was) (NP (DT the) (NN newspaper))) (. ?)))	by the door
Medium	mc500.train.23.18	mc500.train.23	Who went down the slide?	Story	"1	Who	who	_	WP	_	2	nsubj	_	_
2	went	go	_	VBD	_	0	root	_	_
3	down	down	_	IN	_	5	case	_	_
4	the	the	_	DT	_	5	det	_	_
5	slide	slide	_	NN	_	2	nmod	_	_
6	?	?	_	.	_	2	punct	_	_"	(ROOT (SBARQ (WHNP (WP Who)) (SQ (VP (VBD went) (ADVP (IN down) (NP (DT the) (NN slide))))) (. ?)))	the elephant
Medium	mc500.train.23.19	mc500.train.23	What were the animals at the circus doing?	Story	"1	What	what	_	WP	_	0	root	_	_
2	were	be	_	VBD	_	1	cop	_	_
3	the	the	_	DT	_	4	det	_	_
4	animals	animal	_	NNS	_	1	nsubj	_	_
5	at	at	_	IN	_	7	case	_	_
6	the	the	_	DT	_	7	det	_	_
7	circus	circus	_	NN	_	4	nmod	_	_
8	doing	do	_	VBG	_	7	acl	_	_
9	?	?	_	.	_	1	punct	_	_"	(ROOT (SBARQ (WHNP (WP What)) (SQ (VBD were) (NP (NP (DT the) (NNS animals)) (PP (IN at) (NP (NP (DT the) (NN circus)) (VP (VBG doing)))))) (. ?)))	tricks
Medium	mc500.train.23.20	mc500.train.23	What did he bring to his dad?	Story	"1	What	what	_	WP	_	4	dobj	_	_
2	did	do	_	VBD	_	4	aux	_	_
3	he	he	_	PRP	_	4	nsubj	_	_
4	bring	bring	_	VB	_	0	root	_	_
5	to	to	_	TO	_	7	case	_	_
6	his	he	_	PRP$	_	7	nmod:poss	_	_
7	dad	dad	_	NN	_	4	nmod	_	_
8	?	?	_	.	_	4	punct	_	_"	(ROOT (SBARQ (WHNP (WP What)) (SQ (VBD did) (NP (PRP he)) (VP (VB bring) (PP (TO to) (NP (PRP$ his) (NN dad))))) (. ?)))	the newspaper
Medium	mc500.train.23.21	mc500.train.23	What did Andrew need to do before he could go to the circus?	Story	"1	What	what	_	WP	_	4	dep	_	_
2	did	do	_	VBD	_	4	aux	_	_
3	Andrew	Andrew	_	NNP	_	4	nsubj	_	_
4	need	need	_	VB	_	0	root	_	_
5	to	to	_	TO	_	6	mark	_	_
6	do	do	_	VB	_	4	xcomp	_	_
7	before	before	_	IN	_	10	mark	_	_
8	he	he	_	PRP	_	10	nsubj	_	_
9	could	could	_	MD	_	10	aux	_	_
10	go	go	_	VB	_	6	advcl	_	_
11	to	to	_	TO	_	13	case	_	_
12	the	the	_	DT	_	13	det	_	_
13	circus	circus	_	NN	_	10	nmod	_	_
14	?	?	_	.	_	4	punct	_	_"	(ROOT (SBARQ (WHNP (WP What)) (SQ (VBD did) (NP (NNP Andrew)) (VP (VB need) (S (VP (TO to) (VP (VB do) (SBAR (IN before) (S (NP (PRP he)) (VP (MD could) (VP (VB go) (PP (TO to) (NP (DT the) (NN circus)))))))))))) (. ?)))	feed his goldfish
Medium	mc500.train.23.22	mc500.train.23	Who ate the peanuts?	Story	"1	Who	who	_	WP	_	2	nsubj	_	_
2	ate	eat	_	VBD	_	0	root	_	_
3	the	the	_	DT	_	4	det	_	_
4	peanuts	peanut	_	NNS	_	2	dobj	_	_
5	?	?	_	.	_	2	punct	_	_"	(ROOT (SBARQ (WHNP (WP Who)) (SQ (VP (VBD ate) (NP (DT the) (NNS peanuts)))) (. ?)))	Andrew and his dad
Easy	mc500.train.18.1	mc500.train.18	Where did Kelly go?	Story	"1	Where	where	_	WRB	_	4	advmod	_	_
2	did	do	_	VBD	_	4	aux	_	_
3	Kelly	Kelly	_	NNP	_	4	nsubj	_	_
4	go	go	_	VB	_	0	root	_	_
5	?	?	_	.	_	4	punct	_	_"	(ROOT (SBARQ (WHADVP (WRB Where)) (SQ (VBD did) (NP (NNP Kelly)) (VP (VB go))) (. ?)))	outside to her back yard
Easy	mc500.train.18.2	mc500.train.18	When did Kelly wake up?	Story	"1	When	when	_	WRB	_	4	advmod	_	_
2	did	do	_	VBD	_	4	aux	_	_
3	Kelly	Kelly	_	NNP	_	4	nsubj	_	_
4	wake	wake	_	VB	_	0	root	_	_
5	up	up	_	RP	_	4	compound:prt	_	_
6	?	?	_	.	_	4	punct	_	_"	(ROOT (SBARQ (WHADVP (WRB When)) (SQ (VBD did) (NP (NNP Kelly)) (VP (VB wake) (PRT (RP up)))) (. ?)))	one morning
Easy	mc500.train.18.3	mc500.train.18	what did Kelly do after she woke up?	Story	"1	what	what	_	WP	_	4	dobj	_	_
2	did	do	_	VBD	_	4	aux	_	_
3	Kelly	Kelly	_	NNP	_	4	nsubj	_	_
4	do	do	_	VB	_	0	root	_	_
5	after	after	_	IN	_	7	mark	_	_
6	she	she	_	PRP	_	7	nsubj	_	_
7	woke	wake	_	VBD	_	4	advcl	_	_
8	up	up	_	RP	_	7	compound:prt	_	_
9	?	?	_	.	_	4	punct	_	_"	(ROOT (SBARQ (WHNP (WP what)) (SQ (VBD did) (NP (NNP Kelly)) (VP (VB do) (SBAR (IN after) (S (NP (PRP she)) (VP (VBD woke) (PRT (RP up))))))) (. ?)))	went outside to her back yard
Easy	mc500.train.18.4	mc500.train.18	What is big and beautiful?	Story	"1	What	what	_	WP	_	0	root	_	_
2	is	be	_	VBZ	_	1	cop	_	_
3	big	big	_	JJ	_	1	nsubj	_	_
4	and	and	_	CC	_	3	cc	_	_
5	beautiful	beautiful	_	JJ	_	3	conj	_	_
6	?	?	_	.	_	1	punct	_	_"	(ROOT (SBARQ (WHNP (WP What)) (SQ (VBZ is) (ADJP (JJ big) (CC and) (JJ beautiful))) (. ?)))	bunch of flowers
Easy	mc500.train.18.5	mc500.train.18	what did Kelly get?	Story	"1	what	what	_	WP	_	4	dobj	_	_
2	did	do	_	VBD	_	4	aux	_	_
3	Kelly	Kelly	_	NNP	_	4	nsubj	_	_
4	get	get	_	VB	_	0	root	_	_
5	?	?	_	.	_	4	punct	_	_"	(ROOT (SBARQ (WHNP (WP what)) (SQ (VBD did) (NP (NNP Kelly)) (VP (VB get))) (. ?)))	a lot of different sized flowers
Easy	mc500.train.18.6	mc500.train.18	What did Kelly collect?	Story	"1	What	what	_	WP	_	4	dobj	_	_
2	did	do	_	VBD	_	4	aux	_	_
3	Kelly	Kelly	_	NNP	_	4	nsubj	_	_
4	collect	collect	_	VB	_	0	root	_	_
5	?	?	_	.	_	4	punct	_	_"	(ROOT (SBARQ (WHNP (WP What)) (SQ (VBD did) (NP (NNP Kelly)) (VP (VB collect))) (. ?)))	all of the flowers | the flowers
Easy	mc500.train.18.7	mc500.train.18	Where were the best flowers?	Story	"1	Where	where	_	WRB	_	2	advmod	_	_
2	were	be	_	VBD	_	0	root	_	_
3	the	the	_	DT	_	5	det	_	_
4	best	best	_	JJS	_	5	amod	_	_
5	flowers	flower	_	NNS	_	2	nsubj	_	_
6	?	?	_	.	_	2	punct	_	_"	(ROOT (SBARQ (WHADVP (WRB Where)) (SQ (VBD were) (NP (DT the) (JJS best) (NNS flowers))) (. ?)))	in her yard
Easy	mc500.train.18.8	mc500.train.18	Where did Kelly hide the flowers?	Story	"1	Where	where	_	WRB	_	4	advmod	_	_
2	did	do	_	VBD	_	4	aux	_	_
3	Kelly	Kelly	_	NNP	_	4	nsubj	_	_
4	hide	hide	_	VB	_	0	root	_	_
5	the	the	_	DT	_	6	det	_	_
6	flowers	flower	_	NNS	_	4	dobj	_	_
7	?	?	_	.	_	4	punct	_	_"	(ROOT (SBARQ (WHADVP (WRB Where)) (SQ (VBD did) (NP (NNP Kelly)) (VP (VB hide) (NP (DT the) (NNS flowers)))) (. ?)))	in a secret spot | in a new spot that was up higher | in a new spot
Medium	mc500.train.18.9	mc500.train.18	Why was Kelly in a hurry?	Story	"1	Why	why	_	WRB	_	0	root	_	_
2	was	be	_	VBD	_	1	dep	_	_
3	Kelly	Kelly	_	NNP	_	2	nsubj	_	_
4	in	in	_	IN	_	6	case	_	_
5	a	a	_	DT	_	6	det	_	_
6	hurry	hurry	_	NN	_	3	nmod	_	_
7	?	?	_	.	_	1	punct	_	_"	(ROOT (SBARQ (WHADVP (WRB Why)) (SQ (VBD was) (NP (NP (NNP Kelly)) (PP (IN in) (NP (DT a) (NN hurry))))) (. ?)))	because it was Mother's day | because it was Mother's Day and she had to collect flowers before her mom woke up to give to her as a present
Easy	mc500.train.18.10	mc500.train.18	What did Kelly want to give her mom?	Story	"1	What	what	_	WP	_	4	dep	_	_
2	did	do	_	VBD	_	4	aux	_	_
3	Kelly	Kelly	_	NNP	_	4	nsubj	_	_
4	want	want	_	VB	_	0	root	_	_
5	to	to	_	TO	_	6	mark	_	_
6	give	give	_	VB	_	4	xcomp	_	_
7	her	she	_	PRP$	_	8	nmod:poss	_	_
8	mom	mom	_	NN	_	6	dobj	_	_
9	?	?	_	.	_	4	punct	_	_"	(ROOT (SBARQ (WHNP (WP What)) (SQ (VBD did) (NP (NNP Kelly)) (VP (VB want) (S (VP (TO to) (VP (VB give) (NP (PRP$ her) (NN mom))))))) (. ?)))	flowers| the biggest, most beautiful bunch of flowers
Easy	mc500.train.18.11	mc500.train.18	How did Kelly feel when her mother woke up?	Story	"1	How	how	_	WRB	_	4	advmod	_	_
2	did	do	_	VBD	_	4	aux	_	_
3	Kelly	Kelly	_	NNP	_	4	nsubj	_	_
4	feel	feel	_	VB	_	0	root	_	_
5	when	when	_	WRB	_	8	advmod	_	_
6	her	she	_	PRP$	_	7	nmod:poss	_	_
7	mother	mother	_	NN	_	8	nsubj	_	_
8	woke	wake	_	VBD	_	4	advcl	_	_
9	up	up	_	RP	_	8	compound:prt	_	_
10	?	?	_	.	_	4	punct	_	_"	(ROOT (SBARQ (WHADVP (WRB How)) (SQ (VBD did) (NP (NNP Kelly)) (VP (VB feel) (SBAR (WHADVP (WRB when)) (S (NP (PRP$ her) (NN mother)) (VP (VBD woke) (PRT (RP up))))))) (. ?)))	excited
Easy	mc500.train.18.12	mc500.train.18	Why was Kelly in a hurry?	Story	"1	Why	why	_	WRB	_	0	root	_	_
2	was	be	_	VBD	_	1	dep	_	_
3	Kelly	Kelly	_	NNP	_	2	nsubj	_	_
4	in	in	_	IN	_	6	case	_	_
5	a	a	_	DT	_	6	det	_	_
6	hurry	hurry	_	NN	_	3	nmod	_	_
7	?	?	_	.	_	1	punct	_	_"	(ROOT (SBARQ (WHADVP (WRB Why)) (SQ (VBD was) (NP (NP (NNP Kelly)) (PP (IN in) (NP (DT a) (NN hurry))))) (. ?)))	because it was Mother's day | because it was Mother's Day and she had to collect flowers before her mom woke up to give to her as a present
Easy	mc500.train.18.13	mc500.train.18	what size were the orange ones?	Story	"1	what	what	_	WDT	_	2	det	_	_
2	size	size	_	NN	_	3	dobj	_	_
3	were	be	_	VBD	_	0	root	_	_
4	the	the	_	DT	_	6	det	_	_
5	orange	orange	_	JJ	_	6	amod	_	_
6	ones	one	_	NNS	_	3	nsubj	_	_
7	?	?	_	.	_	3	punct	_	_"	(ROOT (SBARQ (WHNP (WDT what) (NP (NN size))) (SQ (VBD were) (NP (DT the) (JJ orange) (NNS ones))) (. ?)))	small
Easy	mc500.train.18.14	mc500.train.18	what did Kelly hide?	Story	"1	what	what	_	WP	_	4	dobj	_	_
2	did	do	_	VBD	_	4	aux	_	_
3	Kelly	Kelly	_	NNP	_	4	nsubj	_	_
4	hide	hide	_	VB	_	0	root	_	_
5	?	?	_	.	_	4	punct	_	_"	(ROOT (SBARQ (WHNP (WP what)) (SQ (VBD did) (NP (NNP Kelly)) (VP (VB hide))) (. ?)))	the flowers
Easy	mc500.train.18.15	mc500.train.18	Which flower was mother's favorite?	Story	"1	Which	which	_	WDT	_	2	det	_	_
2	flower	flower	_	NN	_	3	dobj	_	_
3	was	be	_	VBD	_	0	root	_	_
4	mother	mother	_	NN	_	6	nmod:poss	_	_
5	's	's	_	POS	_	4	case	_	_
6	favorite	favorite	_	NN	_	3	nsubj	_	_
7	?	?	_	.	_	3	punct	_	_"	(ROOT (SBARQ (WHNP (WDT Which) (NN flower)) (SQ (VBD was) (NP (NP (NN mother) (POS 's)) (NN favorite))) (. ?)))	The red one
Easy	mc500.train.18.16	mc500.train.18	What time did Kelly's mother wake up?	Story	"1	What	what	_	WDT	_	2	det	_	_
2	time	time	_	NN	_	7	nmod:tmod	_	_
3	did	do	_	VBD	_	7	aux	_	_
4	Kelly	Kelly	_	NNP	_	6	nmod:poss	_	_
5	's	's	_	POS	_	4	case	_	_
6	mother	mother	_	NN	_	7	nsubj	_	_
7	wake	wake	_	NN	_	0	root	_	_
8	up	up	_	RB	_	7	compound:prt	_	_
9	?	?	_	.	_	7	punct	_	_"	(ROOT (SBARQ (WHNP (WDT What) (NN time)) (SQ (VP (VBD did) (NP (NP (NNP Kelly) (POS 's)) (NN mother) (NN wake)) (ADVP (RB up)))) (. ?)))	“8:30 AM”
Medium	mc500.train.18.17	mc500.train.18	What did Kelly use to tie the flowers together?	Story	"1	What	what	_	WP	_	4	dep	_	_
2	did	do	_	VBD	_	4	aux	_	_
3	Kelly	Kelly	_	NNP	_	4	nsubj	_	_
4	use	use	_	VB	_	0	root	_	_
5	to	to	_	TO	_	6	mark	_	_
6	tie	tie	_	VB	_	4	xcomp	_	_
7	the	the	_	DT	_	8	det	_	_
8	flowers	flower	_	NNS	_	6	dobj	_	_
9	together	together	_	RB	_	6	advmod	_	_
10	?	?	_	.	_	4	punct	_	_"	(ROOT (SBARQ (WHNP (WP What)) (SQ (VBD did) (NP (NNP Kelly)) (VP (VB use) (S (VP (TO to) (VP (VB tie) (NP (DT the) (NNS flowers)) (ADVP (RB together))))))) (. ?)))	string
Medium	mc500.train.18.18	mc500.train.18	what did Kelly give her mom as a present?	Story	"1	what	what	_	WP	_	4	dep	_	_
2	did	do	_	VBD	_	4	aux	_	_
3	Kelly	Kelly	_	NNP	_	4	nsubj	_	_
4	give	give	_	VB	_	0	root	_	_
5	her	she	_	PRP$	_	6	nmod:poss	_	_
6	mom	mom	_	NN	_	4	dobj	_	_
7	as	as	_	IN	_	9	case	_	_
8	a	a	_	DT	_	9	det	_	_
9	present	present	_	JJ	_	4	nmod	_	_
10	?	?	_	.	_	4	punct	_	_"	(ROOT (SBARQ (WHNP (WP what)) (SQ (VBD did) (NP (NNP Kelly)) (VP (VB give) (NP (PRP$ her) (NN mom)) (PP (IN as) (NP (DT a) (JJ present))))) (. ?)))	flowers
Medium	mc500.train.18.19	mc500.train.18	What was her baby sister's name?	Story	"1	What	what	_	WP	_	0	root	_	_
2	was	be	_	VBD	_	1	cop	_	_
3	her	she	_	PRP$	_	5	nmod:poss	_	_
4	baby	baby	_	NN	_	5	compound	_	_
5	sister	sister	_	NN	_	7	nmod:poss	_	_
6	's	's	_	POS	_	5	case	_	_
7	name	name	_	NN	_	1	nsubj	_	_
8	?	?	_	.	_	1	punct	_	_"	(ROOT (SBARQ (WHNP (WP What)) (SQ (VBD was) (NP (NP (PRP$ her) (NN baby) (NN sister) (POS 's)) (NN name))) (. ?)))	Morgan
Medium	mc500.train.18.20	mc500.train.18	Why did Kelly hide the flowers a second time?	Story	"1	Why	why	_	WRB	_	4	advmod	_	_
2	did	do	_	VBD	_	4	aux	_	_
3	Kelly	Kelly	_	NNP	_	4	nsubj	_	_
4	hide	hide	_	VB	_	0	root	_	_
5	the	the	_	DT	_	6	det	_	_
6	flowers	flower	_	NNS	_	4	dobj	_	_
7	a	a	_	DT	_	9	det	_	_
8	second	second	_	JJ	_	9	amod	_	_
9	time	time	_	NN	_	4	nmod:npmod	_	_
10	?	?	_	.	_	4	punct	_	_"	(ROOT (SBARQ (WHADVP (WRB Why)) (SQ (VBD did) (NP (NNP Kelly)) (VP (VB hide) (NP (DT the) (NNS flowers)) (NP-TMP (DT a) (JJ second) (NN time)))) (. ?)))	So Morgan wouldn't find the flowers and eat them
Medium	mc500.train.18.21	mc500.train.18	Why was Kelly collecting flowers?	Story	"1	Why	why	_	WRB	_	5	advmod	_	_
2	was	be	_	VBD	_	5	cop	_	_
3	Kelly	Kelly	_	NNP	_	5	compound	_	_
4	collecting	collect	_	VBG	_	5	amod	_	_
5	flowers	flower	_	NNS	_	0	root	_	_
6	?	?	_	.	_	5	punct	_	_"	(ROOT (SBARQ (WHADVP (WRB Why)) (SQ (VBD was) (NP (NNP Kelly)) (VP (VBG collecting) (NP (NNS flowers)))) (. ?)))	She was going to give her mother the flowers
