answer	qid
in a lair	fables-06-1
The Mouse terrified	fables-06-2
anything	fables-06-3
in a net which had been spread for game	fables-06-4
the Lion	fables-06-5
because a mouse ran into the face	fables-06-6
A trapper	fables-06-7
The lion	fables-06-8
the rope of the net	fables-06-9
by Hurricane Gustav	blogs-03-1
The storm	blogs-03-2
Winds	blogs-03-3
President Bush	blogs-03-4
Storm occurred	blogs-03-5
to a store named Home Depot in order to purchase a portable generator	blogs-03-6
a large group of pine trees	blogs-03-7
because it owned a group of trees	blogs-03-8
to the house	blogs-03-9
An oven	blogs-06-1
some fire	blogs-06-2
The husband of the narrator	blogs-06-3
the door of the oven	blogs-06-4
we	blogs-06-5
	blogs-06-6
days of airing the house out	blogs-06-7
the fire extinguisher	blogs-06-8
a plug-in burner griddle and counter	blogs-06-9
on a branch	fables-01-1
her	fables-01-2
Fox	fables-01-3
tried to discover how to get the cheese	fables-01-4
under the tree	fables-01-5
a noble bird who was above him	fables-01-6
the fox	fables-01-7
A Lion	fables-02-1
The Bull	fables-02-2
A lion	fables-02-3
The bull	fables-02-4
A lion	fables-02-5
toward the bull	fables-02-6
 a A a I a I	fables-02-7
The Bull	fables-02-8
the bull	fables-02-9
because the lion feared sharp every horn of the bull	fables-02-10
the bull	fables-02-11
on eventful today	blogs-01-1
G20 summit	blogs-01-2
along the street	blogs-01-3
a police car	blogs-01-4
The people	blogs-01-5
The people	blogs-01-6
threw a thing at a police	blogs-01-7
The people	blogs-01-8
at cops	blogs-01-9
things were thrown at cops	blogs-01-10
windows of stores	blogs-01-11
windows of stores	blogs-01-12
windows of stores	blogs-01-13
A Fox	fables-04-1
a Stork	fables-04-2
in a flat and large dish	fables-04-3
 a A	fables-04-4
dish	fables-04-5
because he was n't able to reach some food that was in the pitcher	fables-04-6
into the long and narrow neck	fables-04-7
for the tempting vessel	fables-04-8
bewilderment	blogs-05-1
of students	blogs-05-2
The narrator	blogs-05-3
teaching	blogs-05-4
The narrator	blogs-05-5
the slip	blogs-05-6
What	blogs-05-7
one of my most embarassing moments	blogs-05-8
What to do	blogs-05-9
which	fables-05-1
fields	fables-05-2
Fox	fables-05-3
The agriculturist set a	fables-05-4
onto the tail	fables-05-5
The agriculturist	fables-05-6
The corn	fables-05-7
The agriculturist	fables-05-8
man	blogs-02-1
lawn	blogs-02-2
I	blogs-02-3
because it wanted the young man	blogs-02-4
The narrator entered the house of the narrator and heard that the asleep family of the narrator was asleep  	blogs-02-5
place	blogs-02-6
mind	blogs-02-7
A young man	blogs-02-8
The narrator	blogs-02-9
 a A a I a I a I a I a I a I a I a I a I a I a I a PS	blogs-02-10
that the flash was an orb	blogs-02-11
some bright flash	blogs-02-12
The squirrel	blogs-04-1
The squirrel	blogs-04-2
The squirrel 's paw	blogs-04-3
The birds bathed themselves in the bowl  	blogs-04-4
Squirrels	blogs-04-5
I	blogs-04-6
a digital camera	blogs-04-7
birds	blogs-04-8
on the railing	blogs-04-9
 a A	fables-03-1
An Eagle	fables-03-2
An Eagle swooped down upon a Serpent and seized it in his talons with the intention of carrying it off and devouring it  	fables-03-3
A countryman witness	fables-03-4
some of his poison	fables-03-5
into the man 's drinking-horn	fables-03-6
from the drinking vessel	fables-03-7
The eagle	fables-03-8
the drinking vessel	fables-03-9
draught	fables-03-10
thirst	fables-03-11
of his poison	fables-03-12
by the river	mc500.train.25.0
Will playing his favorite song 	mc500.train.111.0
Will	mc500.train.111.1
to Miami	mc500.train.0.1
a salad	mc500.train.0.2
Kristin	mc500.train.0.3
at Ellen 's house	mc500.train.0.4
time	mc500.train.0.5
because they were tired	mc500.train.0.6
The girls	mc500.train.0.7
Alyssa	mc500.train.0.8
Alyssa	mc500.train.0.9
soup	mc500.train.0.10
to a restaurant	mc500.train.0.11
at Ellen 's house	mc500.train.0.12
Saturday	mc500.train.23.1
all day	mc500.train.23.2
outside the window	mc500.train.23.3
the newspaper	mc500.train.23.4
On the front	mc500.train.23.5
all day	mc500.train.23.6
the story	mc500.train.23.7
The circus was in town  	mc500.train.23.8
no	mc500.train.23.9
Yes , we can	mc500.train.23.10
The people and animals at the circus	mc500.train.23.11
lots of peanuts	mc500.train.23.12
at the circus	mc500.train.23.13
to the circus	mc500.train.23.14
The elephant	mc500.train.23.15
to her back yard	mc500.train.18.1
one morning	mc500.train.18.2
Kelly woke up one morning and went outside to her back yard  	mc500.train.18.3
the biggest , bunch of flowers her mother had ever seen	mc500.train.18.4
a lot of different flowers	mc500.train.18.5
all of the flowers	mc500.train.18.6
where the best flowers were in her yard	mc500.train.18.7
in a secret spot	mc500.train.18.8
the biggest , bunch of flowers her mother had ever seen	mc500.train.18.10
because it was Mother 's Day and she had to collect flowers before her mom woke up to give to her	mc500.train.18.11
because it was Mother 's Day and she had to collect flowers before her mom woke up to give to her	mc500.train.18.12
the orange ones were small	mc500.train.18.13
the flowers	mc500.train.18.14
She was in a hurry because it was Mother s Day and she had to collect flowers before her mom woke up to give to her as a present  	mc500.train.18.15
to her	mc500.train.18.16
The mouse	fables-06-16
The mouse	fables-06-17
The lion lost temper and seized the mouse with the paw of the lion  	fables-06-18
The lion	fables-06-19
some net	fables-06-20
The mouse	fables-06-25
the voice of the lion	fables-06-26
temper	fables-06-27
because a mouse ran into the face	fables-06-28
The group of power lines	blogs-03-16
Louisiana	blogs-03-17
The narrator	blogs-03-18
Storm occurred	blogs-03-19
The narrator	blogs-03-20
The oven	blogs-06-16
The husband of the narrator	blogs-06-17
An oven	blogs-06-18
the door of the oven	blogs-06-21
the fire	blogs-06-22
The fox	fables-01-14
The fox	fables-01-15
The fox	fables-01-16
The crow	fables-01-17
The crow	fables-01-18
A lion	fables-02-19
because the lion feared sharp every horn of the bull	fables-02-20
the bull	fables-02-21
the bull	fables-02-22
The lion	fables-02-23
The police	blogs-01-19
The people	blogs-01-20
The police	blogs-01-21
The people	blogs-01-22
a police car	blogs-01-23
The police	blogs-01-24
The stork	fables-04-14
The stork	fables-04-15
some soup	fables-04-16
The stork	fables-04-17
The narrator	blogs-05-16
the slip	blogs-05-17
that the slip had fallen because the elastic of the slip was dysfunctional	blogs-05-20
	fables-05-14
the fiber	fables-05-15
The agriculturist	fables-05-16
him	blogs-02-17
The narrator	blogs-02-18
The narrator	blogs-02-19
The narrator entered the house of the narrator and heard that the asleep family of the narrator was asleep  	blogs-02-20
in the bowl	blogs-04-15
An eagle	fables-03-22
The eagle	fables-03-23
An eagle	fables-03-24
The eagle	fables-03-25
A countryman who owned a drinking vessel	fables-03-26
in the drinking vessel	fables-03-27
any rocks	mc500.train.25.2
Maxine	mc500.train.25.3
yes	mc500.train.0.18
her friends	mc500.train.0.19
the newspaper	mc500.train.23.23
to the goldfish	mc500.train.23.24
all of the flowers	mc500.train.18.22
the flowers	mc500.train.18.23
by a Mouse running over his face	fables-06-10
A trapper spread some net in order to catch a big game  	fables-06-11
The mouse	fables-06-12
the voice of the lion	fables-06-13
roars	fables-06-14
Lion	fables-06-15
temper	fables-06-21
temper	fables-06-22
the ropes	fables-06-23
Lion	fables-06-24
The narrator	blogs-03-10
An area of a neighborhood	blogs-03-11
The tree	blogs-03-12
A narrator	blogs-03-13
The first tree	blogs-03-14
My wife children	blogs-03-15
because the broiler of the oven activated	blogs-06-10
to the ceiling	blogs-06-11
The fire	blogs-06-12
a new oven	blogs-06-13
about my new range	blogs-06-14
batch	blogs-06-15
about my new range	blogs-06-19
days of airing the house out	blogs-06-20
There once was a crow  	fables-01-8
The cheese fell  	fables-01-9
A Crow	fables-01-10
A fox	fables-01-11
The fox said that the beauty of the bird was incomparable  	fables-01-12
once	fables-01-13
horns	fables-02-12
A lion	fables-02-13
because the lion wanted to eat the bull	fables-02-14
The lion advised the bull to remove every horn of the bull because every horn of the bull was ugly  	fables-02-15
because every horn of the bull was ugly	fables-02-16
the bull	fables-02-17
The lion	fables-02-18
The police	blogs-01-14
things	blogs-01-15
The people protested peacefully on a street  	blogs-01-16
riot	blogs-01-17
to alleviate the violence	blogs-01-18
The Fox	fables-04-9
The stork	fables-04-10
the long bill of the stork	fables-04-11
a stork to dine	fables-04-12
The fox	fables-04-13
over the slip	blogs-05-10
because the elastic of the slip was dysfunctional	blogs-05-11
The narrator	blogs-05-12
a mixed class of 5th graders ESL	blogs-05-13
So what did do	blogs-05-14
I	blogs-05-15
for presence	blogs-05-18
into a bottom drawer	blogs-05-19
fire	fables-05-9
The fox was nightly prowling a yard  	fables-05-10
The agriculturist	fables-05-11
because the fox ran into a field	fables-05-12
The corn	fables-05-13
A few years ago	blogs-02-13
on the front yard	blogs-02-14
The narrator	blogs-02-15
The narrator	blogs-02-16
on the deck	blogs-04-10
the deck 's railing	blogs-04-11
to drink the bowl 's water	blogs-04-12
for the birds	blogs-04-13
a large steel bowl of water	blogs-04-14
An Eagle	fables-03-13
the Serpent	fables-03-14
A countryman witness	fables-03-15
A countryman witness	fables-03-16
eagle	fables-03-17
A countryman witness	fables-03-18
serpent	fables-03-19
some of his poison	fables-03-20
The serpent	fables-03-21
in a beautiful pond	mc500.train.25.1
to thunder	mc500.train.111.2
Will walked all the way to the store	mc500.train.111.3
he did n't have to get wet home	mc500.train.111.4
Alyssa	mc500.train.0.13
to a restaurant	mc500.train.0.14
yes	mc500.train.0.15
yes	mc500.train.0.16
Alyssa	mc500.train.0.21
to Ellen 's house	mc500.train.0.22
Andrew s dad said   I think the newspaper is here  	mc500.train.23.16
to his dad	mc500.train.23.17
The elephant	mc500.train.23.18
animals	mc500.train.23.19
we	mc500.train.23.20
Andrew had never been to the circus  	mc500.train.23.21
Andrew and his dad	mc500.train.23.22
because it was Mother 's Day and she had to collect flowers before her mom woke up to give to her	mc500.train.18.9
all of the flowers	mc500.train.18.17
the biggest , bunch of flowers her mother had ever seen	mc500.train.18.18
She	mc500.train.18.19
to hide the flowers in a secret spot	mc500.train.18.20
After Kelly collected all of the flowers  she went inside and tied them together with string  	mc500.train.18.21
